CustomerID,CreditScore,Geography,Gender,Age,Tenure,Balance,NumOfProducts,HasCrCard,IsActiveMember,EstimatedSalary,Exited
c6722002-a03d-48ef-889a-6f712dd8000a,402,France,Male,23,5,187494.45,2,1,0,97403.92,0
417e6700-306e-44ad-ba6d-9a6a54a94cb9,735,Spain,Female,29,7,227057.12,2,0,1,135257.41,0
48de0b64-e602-4f3b-9c02-6a738a7aae1b,570,Germany,Male,19,2,189678.83,3,1,0,73422.53,0
c477a172-ef2a-4bad-82f0-8324bf1027e5,406,Spain,Male,24,4,149288.83,3,1,0,98559.57,0
c1250126-f9d7-43f4-a819-3b00dd40e7b3,371,Germany,Female,33,0,163533.18,3,0,0,101902.43,1
0435d31f-90ca-4125-8e8c-8884debf0b71,320,France,Female,20,9,222281.98,2,0,0,74259.78,1
2602bbaf-298e-46c4-a1e4-3588fe77b3e5,421,France,Female,62,6,144701.69,4,0,0,38760.57,0
766c6de3-a149-417d-9c7b-77a8f0e1c94f,766,France,Male,20,9,158097.83,2,0,0,32162.72,0
be943eec-c34f-4d27-a2fe-c75b0c73be88,514,Spain,Female,44,0,39119.18,1,1,0,22167.3,0
eae7e673-aa14-40ad-b3a3-7942e056c739,630,Germany,Male,67,10,118480.31,2,0,0,133559.45,1
369285df-c7f0-425c-a401-39d8c5fa93ba,758,France,Female,60,8,179099.28,1,0,1,50741.74,0
ec993090-dc30-4c6f-b302-c8716aaee500,387,France,Male,57,7,67735.67,4,0,0,47495.88,0
47fc39c3-dc39-4210-adcc-572366a601e2,672,Germany,Female,55,6,50563.55,3,1,0,115684.6,0
15d77dca-7c8e-482d-a3d8-b88058a20a40,399,France,Female,50,9,78456.7,3,0,1,61602.09,0
687035d9-57c6-4bfd-830d-35cc7887afbe,430,Germany,Female,45,6,60375.16,2,1,0,85785.81,0
cae60373-9503-41ae-8930-fb2bfe268ef7,608,Germany,Female,18,4,53728.16,3,0,1,41126.44,0
75273e52-f076-4f0d-9216-cbcfe38d80b3,643,Germany,Male,72,4,106212.71,4,0,0,144766.94,1
e069ebe3-2f3d-4053-8b40-f3f34ca5ee5e,791,Germany,Female,25,10,226959.63,3,1,1,130705.58,1
aeef62ec-6c8e-4a42-9624-fbf4b71ab11f,713,Germany,Female,54,4,126764.91,2,0,1,132292.65,0
2d8c219a-8f83-43a6-a2c8-059b3e215d77,685,Spain,Male,49,0,46980.1,4,0,0,72880.59,0
33ad261d-8494-4923-b207-a36db68aebcb,491,France,Female,77,7,19242.92,1,1,1,119106.96,0
7291999e-b78f-401d-bc4a-4b4719d825ad,576,Spain,Male,65,10,174039.04,2,0,0,38703.9,0
c52b38f7-ec27-4e5a-a4ba-0cec9c1dbe6a,460,France,Female,60,0,95699.69,1,0,0,21120.47,0
18a0aa77-4a62-4471-aeb0-923966087c28,759,Spain,Female,54,3,205457.74,4,0,0,22596.48,1
89033d02-8b16-4322-aa74-9b25658475bb,613,Germany,Female,21,8,164877.69,2,0,0,96258.23,0
1b3d3d05-9925-4e49-a077-b944cd40f686,321,France,Male,47,8,199060.36,2,1,1,79201.34,0
898547c2-ae9e-4c28-90f4-91d152ffc56e,552,France,Female,23,4,67986.51,4,0,0,87342.0,1
1839354c-8bf8-4940-aba7-33d31b3e5c0f,774,Spain,Female,63,3,173089.73,3,1,1,20970.21,1
6abf04bd-1388-4998-89fd-cdc2607c8ff4,358,Spain,Female,71,2,66015.5,2,0,1,74949.26,0
3ff6c6c8-54b2-4649-bf2f-521d0aa83203,810,France,Male,36,2,234767.12,2,1,0,113348.86,0
b8233713-6b46-494a-b623-4e29ce26e002,775,Spain,Male,49,4,159093.57,1,0,0,77550.18,0
0eeef6b7-1f67-4c92-af12-0808e3b92755,489,Spain,Female,26,9,81127.95,3,1,0,115188.5,0
5c39dca4-236d-4a19-8c70-6b32eb2dd0ed,543,Spain,Male,29,0,67377.97,1,0,0,50292.47,0
084a4ffc-00e3-49ef-9291-4cfd28b85480,804,Germany,Female,28,4,47731.65,1,1,1,125708.46,0
cbf17f4a-bac9-45bb-8a88-b43613d8ea00,430,Germany,Female,63,5,173660.24,3,1,0,96496.06,1
d9d674b0-a051-4d55-9b31-3cafbecb9ef5,784,Spain,Female,72,6,54678.9,3,0,1,47399.2,0
e2cf7937-4171-4d5b-8d8f-3c85cf854368,320,Spain,Female,33,8,148825.82,4,1,0,50773.66,0
bd5825a2-931f-49b6-aae3-11a73271aca8,466,Germany,Female,18,2,66158.76,3,0,0,101643.96,0
d79a5aad-08a6-427f-9919-c18253033262,573,Germany,Female,62,1,165492.24,2,0,0,127892.15,0
fb0ee3c4-32fa-462f-a970-f5c23bcac70a,687,France,Female,72,2,203734.93,3,0,0,74031.61,1
c8a343df-b0a2-4920-8867-537813fdf769,615,France,Male,70,8,194506.31,4,0,1,53579.06,0
86725905-d9be-49f2-a493-3da83fed5bf6,313,Germany,Male,38,6,190212.83,4,0,1,132711.51,0
3243e785-2b69-4e6b-88d3-c462e10cca20,541,Spain,Male,47,8,46930.6,4,1,0,107004.88,0
819978ae-bbdc-4365-8150-d731dfbf522f,645,Spain,Male,30,1,22096.24,3,0,1,78251.11,0
a24f886e-e4f2-4a9f-b875-17d6ed6c0e46,639,Spain,Male,51,4,174737.21,3,0,1,83427.03,0
26229b7c-310d-435f-b8e9-377e56e47691,391,Spain,Male,21,3,92086.8,1,0,0,46553.34,0
23d16967-a1a7-4d96-88cd-8d21d950c67a,666,France,Male,45,1,108086.56,1,0,0,101484.34,0
d3fde90c-baa0-4559-8c4a-572ab3ba5b07,754,Germany,Female,55,8,7787.27,2,0,1,66636.53,0
7eeeaf7d-9cf6-4d87-8d74-ba69eec3c6bb,727,Spain,Female,75,8,64894.11,1,0,1,149433.87,0
7901626c-c22b-4a32-a7cd-2d9dc2c797a4,808,France,Female,48,5,8419.1,2,1,1,82423.86,1
fc75500b-d010-46d5-b7fc-537ef5fd34d7,334,Spain,Female,76,10,219796.44,4,1,1,83165.13,1
f37e29f7-89cd-4bd4-972c-78d04684259b,505,Germany,Male,72,5,60849.17,1,0,0,93560.73,0
1976c04e-f6e9-482b-9550-a08a73a8f77e,380,France,Male,44,7,139334.29,3,1,0,139178.28,0
5beb1a5a-9aea-4eb8-9d3f-5c0f6bd9fd08,687,Germany,Female,22,5,9744.83,1,0,1,124106.35,0
eca5edf1-a544-4431-8a06-b51eaaf3c697,301,Germany,Female,42,0,166711.85,2,0,0,78646.91,0
79d781a4-fddf-4e77-99d4-7307b6246244,689,France,Male,20,3,80756.84,1,0,1,113430.9,0
32879cf5-ffe1-4685-b483-da2744ffe2d4,405,France,Female,50,6,224479.8,4,0,1,96210.61,1
4117f28c-f8e7-4c21-bb1b-5cc852a5bf70,776,France,Female,21,1,222029.55,3,0,0,84007.72,1
6b67854c-c25a-4552-8b51-f0013ad63e16,701,France,Female,42,8,81322.65,2,1,1,45001.05,0
f2af2a33-4e8d-4133-9f36-73e997aa8d3a,461,France,Female,37,7,225240.22,3,1,1,80311.71,0
1b662b7d-6366-4b92-93db-f98b990b8237,501,France,Male,51,7,249039.42,3,1,0,51956.42,1
04cdab69-8846-4b96-9536-fa8b75cc636c,569,France,Female,43,6,206353.92,2,1,0,138929.48,1
38004dad-4fb5-47ee-a3b2-86671b9566a4,570,Spain,Female,79,3,211217.84,3,0,1,63602.89,0
13c92e44-03c0-4656-bf63-e560e4f7f33a,755,Germany,Male,79,1,62252.18,3,1,1,143794.32,0
7922f469-34f1-41ec-a9dd-2802fdf4f229,761,France,Male,22,2,144175.6,1,0,0,89297.19,0
c1b2823f-aab4-44a7-9271-39a436cfe0f7,551,Spain,Female,52,5,16813.98,3,1,1,102100.77,0
27f3f64e-2d83-477b-bfec-c17a5a8ee048,595,Spain,Male,78,4,23729.48,3,1,1,90582.26,0
ba1ddead-367f-4980-837f-9babe451be0d,637,Spain,Female,45,7,249723.15,3,1,0,36819.48,0
1a8702a0-4cc3-41f7-81f7-28586720e798,352,Germany,Female,46,5,81659.81,3,1,0,68856.76,0
e3482c1a-3d0e-47db-abdd-595dfeb34039,516,France,Male,26,5,187045.98,2,0,0,32888.99,0
8160dddf-1cc3-4b15-85de-ec461b414300,487,Spain,Female,69,0,201666.26,4,1,0,100984.03,0
610b679b-d987-4ea0-9af3-385b74a10443,679,Germany,Female,55,3,214505.82,1,1,0,78093.65,0
170de813-deb3-48ec-a7d1-407e572a8ac8,792,Germany,Female,67,4,249407.07,3,0,0,121138.05,1
5aa11c6f-98f0-4d93-8bcf-5d74aa62d64f,340,Germany,Female,23,10,60374.12,3,0,1,48661.16,1
7ddd904a-3411-48ab-be5e-e74b51556ff0,456,Spain,Male,36,2,10087.71,2,1,1,41393.59,0
0761e296-20bf-43e7-9b15-a32252d46e31,314,France,Male,77,8,102797.88,4,0,0,72823.19,0
43eef6c9-d40b-47ef-a0b8-9f6a397fdd8c,364,Spain,Female,61,0,32520.17,3,0,0,140456.1,1
30f599b4-b4fe-4a6d-843b-3296568aa8b5,820,Spain,Male,74,5,5606.47,2,0,1,112354.84,0
216cf5ea-6e5a-450f-be73-7633dbb5fa19,643,France,Female,28,5,90106.71,1,1,1,74460.07,0
ff0dd381-cb5b-4432-8b34-989effb63186,428,France,Female,19,9,195934.56,1,0,1,87245.38,0
b60b306e-24b8-48e8-a6b9-c60fc956965f,771,France,Female,64,4,141545.17,3,1,0,30947.69,0
f9fa48f8-d2d1-4a7d-8488-081154e84b3d,362,Germany,Female,61,4,78194.5,3,1,0,147994.87,0
99561e38-d7c6-4986-9149-bd1bc8242f28,438,France,Female,61,9,163585.5,4,1,1,106632.95,1
2b48691d-9e77-4a1a-814a-3d81eb90d8bf,798,Spain,Male,26,4,58004.55,4,1,0,57102.53,0
dabaf401-fb02-457a-9be0-31130f90ee07,691,France,Female,38,5,3595.36,3,0,0,96155.09,0
8da61196-21b0-471c-8f79-9206e9627e22,718,Spain,Male,41,7,191088.35,2,1,0,34232.71,1
3d3407ff-60e5-4533-ad75-e807cac1e22f,588,Germany,Male,51,1,155935.77,4,0,1,145558.77,0
bafbc641-a80a-4991-b64e-4e5c6dcd111d,678,Spain,Female,39,5,190575.66,3,1,1,42722.05,0
703ca38b-ceeb-435c-94b9-0c02e602cecb,789,Spain,Female,20,0,9734.5,4,0,0,104243.94,0
7010a305-05ca-46e6-8721-5ee09a5850d2,530,France,Female,29,3,209279.91,3,1,0,51909.08,0
e4d80cc7-b642-4ae6-a137-d1d55a6eed08,340,France,Female,45,9,154881.55,1,0,0,113282.98,0
1921f582-b53a-42c1-bb35-edad235bb2a7,327,Spain,Female,47,2,140848.84,3,1,0,120986.78,0
7408376a-f2cb-4422-8cad-6c3eb3f3ac20,434,France,Male,43,8,156153.51,1,1,0,107544.56,0
44cd8e58-8eea-4b6c-8503-2ffbe9b5fdce,500,Germany,Female,65,2,216108.31,4,0,1,99884.93,0
a911e65d-91a2-4d50-b580-928e2f20a969,332,Germany,Female,38,5,146734.13,3,1,0,136020.98,0
56a179a2-27aa-4a87-b908-b100cd4d021f,347,France,Male,45,0,145237.59,4,1,0,30221.47,0
1a927dc3-00cc-46a9-8a11-f413c88b08ca,802,Germany,Male,73,5,247669.79,1,1,0,63018.92,0
34d96282-b810-4887-bb8c-6a0481072327,706,France,Female,43,3,189182.54,3,0,1,52277.37,0
88d49e50-f543-4642-9e9f-26ba105ae726,398,Spain,Male,79,7,110573.45,4,1,1,148441.82,0
cfc72e62-8d13-4db0-a501-8de06321744d,846,Spain,Female,50,10,176849.25,1,1,0,70620.67,1
8edbf217-4329-4bfd-a525-0272b612f1f1,761,Germany,Male,38,8,97307.62,4,0,1,115239.65,0
a4f5c241-19a0-40d4-a7d0-dc9471d4061a,304,France,Male,52,3,57218.87,2,0,1,109014.27,0
60fdafe7-75f5-441a-a53a-0b7e6c15f17d,517,France,Female,69,9,149212.97,1,0,1,47570.56,0
46e110a1-0aba-4c02-adc4-02f496a47238,802,Germany,Male,51,9,232045.52,1,0,1,51069.7,0
f1d0f036-6363-44e7-83b0-a4696d77213c,697,Spain,Male,58,5,232284.88,1,0,1,56566.99,0
31866cef-fa18-4973-ac83-eff182f72ae2,692,Germany,Male,68,0,85476.32,3,1,1,73446.55,1
5ee3a8b3-5684-44ad-8b2f-ba199ad53751,506,Spain,Male,64,3,131919.37,3,1,0,50462.26,1
b0ff85f1-4ccf-46ef-bef3-30f2afbbbe82,314,France,Male,35,6,52908.97,3,1,1,22554.69,0
b9f19b81-d4be-4f1e-8650-854a0b522371,760,Spain,Male,75,0,248907.78,2,0,1,134321.1,0
07567f24-0d02-4959-b1e1-3ce3b87a3778,540,Germany,Female,28,7,245279.48,2,1,0,145529.28,0
84a29770-895d-4001-b024-0b31e335ae63,395,France,Female,74,9,162377.23,1,0,0,64404.15,0
e3114502-5b1b-40bf-aaeb-a35436fb0714,784,Germany,Male,40,10,201103.51,2,0,0,64005.89,0
07b5759c-0c9f-495e-94f9-d23661c2fa24,706,Germany,Female,65,5,178775.04,4,1,0,20921.94,0
45c204c9-ba55-4a51-a3a2-37990505837b,530,Spain,Female,39,4,148289.55,1,0,1,108432.59,1
250e6c32-68ab-4d74-b698-97f30f9e0ea6,470,Germany,Female,34,9,13337.0,1,0,1,127307.19,0
bef68659-54ae-40bb-b3f9-521d1add4282,840,Spain,Male,22,10,113691.09,4,1,1,39059.08,0
b483bcd8-36f9-4e38-b3a0-95f75a4f94f5,335,France,Female,61,8,168696.58,1,0,1,40756.63,0
0b776a13-8f6c-4fcc-83c9-61cf4163cd9e,824,Spain,Male,28,1,169382.9,2,0,0,122710.82,0
5b4ee84b-2791-41db-892a-ec0e094b0fc0,459,France,Female,47,4,93280.65,3,1,1,100117.8,0
4582ae0a-9a81-40ff-a8f9-ab5b8d2bf757,542,Spain,Male,32,5,235423.0,4,0,1,25831.87,1
df217c37-2b7d-4973-9cf6-05ccb4dbcd3d,385,Germany,Male,44,6,41839.26,2,0,0,100931.11,0
f88082df-02e7-4b78-9244-b029fe214d73,327,Spain,Female,52,4,125089.86,4,1,1,60159.3,0
3be19ae6-6784-48ea-93e2-7578faf879ea,639,Spain,Female,50,8,172720.99,4,1,1,67934.27,0
1e94a8e6-0be7-4613-af5c-3d7853ffae8b,630,France,Male,37,0,174283.95,1,1,1,120065.08,0
b1d178d1-b21c-499d-ba35-bdb0d2cdee24,805,Germany,Female,78,6,162159.74,1,1,1,125421.58,1
fa5555ad-89f4-480a-b26c-37c84c3445b1,647,Spain,Female,33,9,68822.05,2,0,0,72046.36,0
10643415-a5cc-4b22-9acd-952e39f197bc,772,Germany,Female,51,6,39051.64,4,0,0,143129.88,0
aa9b1d2a-d12f-4003-8426-abb3f38fed31,530,Spain,Male,19,3,158985.08,1,1,0,72840.15,1
56fef416-0dcf-466d-a748-8cfdae772c41,489,Spain,Male,52,8,149825.53,1,0,0,120338.68,0
87aa4bad-7a03-49e4-9ece-a6786938e14b,524,Germany,Female,57,10,44839.0,4,0,0,82904.04,0
2b5e3826-91ff-49f3-bb5f-72bd309ebd7b,684,Spain,Female,73,4,176284.79,2,1,1,136679.2,0
00f2554b-ea24-45e4-9c4b-b0f906b6dc89,676,Germany,Female,45,3,113793.0,2,1,1,138008.96,1
f9a7d0d6-3ec5-4ad7-9669-2f1019608b7d,582,Spain,Male,64,6,166940.15,4,0,0,31364.19,0
3decec20-d8d9-4a81-87b4-fa861e2c91d0,558,France,Male,56,3,209341.77,2,1,0,141744.13,0
3870f8e5-5783-40ca-9680-0322cbf31385,658,Germany,Female,23,2,42432.11,1,1,0,127319.53,0
e847eedf-c206-43b8-bc0c-a249d65d4ff7,755,Spain,Female,26,8,4786.22,4,1,1,122870.39,0
8ace76fc-0aa3-4b71-b5c7-dbf83caf3c74,710,Spain,Female,37,10,194775.65,1,0,0,46118.47,0
851c53e2-5fe7-4ba1-8e66-1047bd6744d3,617,France,Female,77,7,152424.36,3,1,1,124665.5,0
51480319-98bb-4ca3-83bc-36f9d511434e,524,Germany,Female,18,0,174909.89,3,0,1,130517.26,0
76c12aa3-7680-4d00-a1e3-0dcf634d110c,533,Spain,Female,25,6,209538.74,2,0,1,57589.54,0
2fe93d68-aee8-4f6c-8f7a-a1935f81895a,673,France,Male,72,8,200702.73,3,0,1,143793.81,0
e9222887-b53e-4df2-ae4e-22e2938d391e,771,Spain,Female,40,7,240230.04,1,1,0,26481.82,0
c2c6daa3-a47a-49f8-b6c3-5afa221075f2,532,Germany,Male,20,7,133983.77,3,1,1,39488.2,1
1ed0096f-23d9-40f9-b9b8-7cf69c267a95,412,Spain,Female,21,5,122123.91,1,1,1,89885.55,0
90c51ba1-b574-42a2-b200-a08f9940a0ac,796,Spain,Female,75,10,100471.8,2,1,0,94853.02,0
291d8494-0d2b-4212-855d-17553f73eaaf,741,Spain,Male,42,3,38422.76,2,1,1,103869.51,0
58d90ce4-7ed2-47f9-8f95-a74fde9fba1c,567,Spain,Male,64,7,143151.81,1,0,1,22205.99,0
9bafedb2-56fb-4b27-b139-c68ecac9d96b,809,France,Male,55,2,69253.13,3,0,1,144847.68,1
522c0f40-1540-408a-bb6d-e2e31da57c99,685,France,Male,32,8,230326.88,2,0,0,25796.45,1
f015fc29-3d92-4ff2-a34a-44b6316f70a9,686,Germany,Female,38,1,145797.7,4,1,1,38598.05,1
b595e142-5182-4309-ba5b-a9e0955ccff6,412,France,Male,52,1,148210.05,2,0,1,21821.89,0
635f09d9-0ad7-4948-a1a4-c3702b15a4bb,380,France,Female,74,6,88731.17,3,0,0,93691.6,0
fcac8089-3418-4fcd-870d-09b0d18c8457,412,Germany,Male,70,9,12997.34,4,1,0,141194.69,0
b06a99c3-842f-40a0-a015-7a1ec17006e6,301,France,Female,70,3,7935.94,3,1,1,106573.13,0
b49d8dbe-4795-4141-a250-af746c39abad,519,France,Female,63,9,105833.79,1,0,1,126945.47,0
cfc207cb-51c1-4907-984e-fca9adea0f0d,524,Germany,Female,69,7,21141.34,4,0,0,21726.56,1
41a7f15c-4903-429c-bcaa-d4e7948bf2e9,684,Germany,Female,31,8,151711.74,3,1,1,90461.99,0
736241b5-0ca9-4ce4-bb66-c97c2580292a,702,Germany,Female,53,6,220243.25,4,1,0,79743.19,0
b087ea09-84db-476a-ab5d-73f6321f9b9e,429,Spain,Female,29,4,220728.7,3,1,1,84865.83,0
5ac3e4d9-1e37-41a2-a216-55584f5e142b,352,Spain,Male,34,7,164761.35,4,1,0,29387.71,1
11d795fb-7cbd-4a08-82eb-38965d81f7e6,715,Germany,Female,56,3,52807.96,3,0,1,108976.6,0
6462c97b-e6b6-4866-83eb-bb8e4e859377,546,Germany,Male,26,1,215749.21,1,0,0,85418.65,0
84c8b7ad-11e9-416a-888b-8f0d745f837e,738,Germany,Male,52,10,221523.36,4,1,0,119469.35,1
ba82d54f-1f5e-49a9-8cc4-3a23d5ff3876,502,Spain,Female,77,5,49163.4,4,0,0,83087.78,0
d2ca2381-bb32-4aaf-a358-9bb9c398cc13,483,Spain,Male,30,8,184356.52,4,0,0,39419.61,0
d81e4f03-addf-4526-ac19-896a88f681ff,422,France,Female,32,0,71629.89,4,1,0,104273.4,0
c327443b-50e9-4236-82e2-9b71cc4a7aac,700,France,Male,35,10,200660.08,1,0,1,42410.23,0
0a7234d3-4599-4f65-8a37-25aa2d31426c,593,Germany,Female,68,9,249309.47,4,0,1,133411.29,1
bb8e0fca-9be8-4222-904a-5564d81bbdc0,579,Spain,Male,50,6,7506.5,2,0,0,99705.11,0
45830e55-16a9-4044-9c39-ef70abe76d03,497,Spain,Female,23,9,224341.47,1,1,1,40436.5,0
92682ce4-50d1-472f-962d-8f4934ea0c45,810,Spain,Female,76,8,155657.63,2,1,1,145103.95,0
13aa5dbe-668d-44b7-9554-c4b5e163af7e,443,Germany,Female,44,9,243345.65,4,0,1,87387.51,0
0a720381-d426-4ce9-a9ae-0f3ab59fa1e8,500,France,Female,40,8,116252.38,3,1,1,29476.8,0
7eff4d1c-033c-41c2-8060-a3501260bdd6,423,Germany,Male,76,9,211846.98,2,1,1,101488.28,0
5d26ae64-4e58-4f7a-be34-fe2379fc153c,486,France,Female,44,10,15598.52,4,1,1,52915.86,0
f1516674-e039-4ae3-baa1-bf349ac36369,625,France,Male,51,2,83819.76,2,0,0,124480.15,0
67cc699c-0a2b-451b-b40f-4396c2690f09,763,Germany,Male,73,10,16754.13,4,0,1,126316.87,1
5f1cd0ca-c30d-4521-9775-7d0ec656240e,648,France,Male,63,4,243835.78,4,1,1,147263.16,0
5e0bdfca-1225-44a1-bfa7-9f086a7e210f,702,France,Female,55,7,204243.48,4,0,1,85243.04,0
a253900d-31c6-4b80-b98a-7914a1228d0b,645,Spain,Male,31,7,213136.86,3,0,0,79144.39,0
8e28ee76-8b48-47f9-bf8d-4a3ab67a37ed,810,France,Male,53,3,234491.31,2,0,1,117951.83,1
a440164d-0d35-4a8d-801b-e45512ba2b7f,446,Germany,Male,70,10,21275.87,1,0,1,37221.19,0
7ccc9b93-15e7-4450-ba62-cee8b00f0ca6,447,Germany,Female,25,10,96399.4,1,0,1,91099.02,0
976e3275-7c30-4621-bcd8-d0711e47a158,788,France,Female,79,0,17758.72,1,1,0,91012.19,0
70030bc8-e395-41a9-881a-793a3fc71fd5,637,Spain,Male,52,0,52698.28,1,0,1,31631.51,0
2cfbd93e-5335-49f7-b198-4cc3b0384a4a,772,Spain,Female,36,3,57341.44,4,0,0,74337.93,0
cfbb94e6-3b6d-4cd1-9ff3-80dc6f6f5380,450,France,Female,47,5,117276.8,2,0,1,130927.02,1
95c4d18f-fa07-42bf-9729-a06a67f0d039,714,France,Male,31,7,67140.54,2,1,0,131299.97,1
0b5f8925-0ea4-4b8b-a6da-2f3a7a28acf6,597,Germany,Male,76,5,25244.53,3,1,0,32900.9,0
7a10176d-fbfe-4a7e-9f5b-9b9bc12f8aad,562,France,Female,37,8,41872.77,2,1,0,31793.71,0
246f8101-57ec-48b2-9528-8970227258f4,443,Spain,Male,66,8,36818.89,2,0,1,54150.41,0
7ba7dc8d-f7b5-4e7f-adab-44a0d64a86e1,645,France,Female,42,1,243269.2,2,1,0,133719.59,0
872d1ac7-6e89-4eae-b34a-85e1e2307bb5,301,Germany,Female,57,9,189823.13,3,1,0,36757.34,1
b4892830-e5c2-400c-a9b2-194dc0f6f3b2,603,Germany,Female,41,0,241940.37,1,1,0,113599.58,0
08e5b986-1c1b-42c6-8849-1be1167c71ea,553,Germany,Female,31,1,109935.12,2,1,0,33151.53,0
11fe91eb-5c2c-4f03-9050-8f913bd4dfe5,752,Germany,Female,43,4,69592.12,3,0,1,101007.92,0
847e34e3-346d-4f33-9b69-d4fe0450f453,336,Germany,Female,55,3,199573.3,3,1,1,66288.75,0
4efc9afa-7066-4287-8d07-7050381dd245,459,France,Male,40,3,81563.48,4,1,1,122558.82,0
10f06ee3-e53b-4e02-8a29-51669a4d1c00,308,France,Male,39,8,74845.84,3,0,1,50379.76,0
d08d1671-8e20-45fe-a775-2e3bf04251a8,532,France,Female,65,10,58126.5,1,0,0,103096.24,0
e6b5138c-73e5-4a55-99c7-3226ace0ad85,398,France,Female,74,7,32419.74,2,1,1,50638.73,1
203549a0-e7de-4754-a252-40acdb774770,507,Germany,Female,36,5,64115.77,3,0,0,112775.84,0
60faf631-7816-4196-ab35-4caab955ab5e,430,Spain,Male,63,0,88829.94,1,1,1,133578.14,0
a9d58aa0-0979-4ab5-bc03-bbbc14bb6ad1,703,France,Female,68,1,168498.55,3,0,1,36484.23,0
4373dde6-6109-4af8-b1d1-967981a4fb33,451,Spain,Male,20,5,15641.21,3,0,1,132657.44,0
d0347162-c828-4b9e-a4cb-3db42055a2d3,353,France,Female,59,10,52626.73,3,1,0,97164.78,0
b852d228-a470-4b3b-9f8e-025dac8e7847,419,France,Female,36,1,202255.91,3,0,1,36524.36,0
7bcea047-c035-4bf7-a71f-5bbdce8bfe99,719,Spain,Male,26,9,36730.48,3,1,1,75580.44,0
57252b82-6808-4cc5-a310-e0f8a259ece0,721,Germany,Male,45,4,85661.29,1,0,1,40911.84,0
a474143b-ee74-4f26-ba9f-38ed8f97237f,403,France,Female,37,4,216164.73,2,1,0,111045.23,1
608f0b6f-b4a3-42d4-b89f-813cd1db6862,553,France,Female,62,5,38731.33,2,0,1,118652.86,0
83d270ff-e0f0-430d-a87d-3f72b771194c,526,France,Female,24,5,20684.21,2,0,1,33753.55,0
f448be3c-1b2c-4fda-aab9-b36e6471a4ac,411,Spain,Male,31,5,121134.5,2,0,0,85798.18,0
cf9cd675-a1b4-487c-9d4b-67cbf4fe4e75,809,Germany,Male,26,1,75604.88,1,0,0,125901.26,0
6854ed64-6656-4e72-932d-c8e7544ccbd5,772,Spain,Male,76,9,140852.09,4,0,1,141701.2,0
7ff92231-a5f3-4551-902e-3256f95f5464,398,Spain,Male,77,2,200951.22,4,1,1,86757.32,1
d2bf1baf-c75c-4925-9574-6a17f9cb2518,452,Germany,Male,72,5,34287.12,1,0,1,143536.3,0
6cd0cecb-06d7-4196-8a6d-5abfe2b31ee3,637,Spain,Male,74,7,145174.77,1,1,0,89639.57,1
fc58b0f5-df53-4f21-beab-49e9d66f2423,462,Germany,Female,77,10,126377.19,3,1,0,71244.76,0
c53a0fed-78cc-453e-8e60-ec5b5f2baef0,460,France,Female,36,0,36019.7,3,1,0,130266.41,0
fa4465c6-59b9-40d1-b88f-277ce53fa427,697,Germany,Male,64,0,155999.62,3,0,1,84087.75,0
2369c8ad-8c78-4c8d-85a5-f7c6d46e44e8,576,France,Female,69,10,68410.1,2,1,0,81347.33,1
095eec25-8eb6-4cb9-bde0-63e4c3fded93,803,Spain,Female,31,1,121958.58,3,0,1,83740.62,0
f108cb03-4459-4571-932b-e5097ffa248d,691,Spain,Male,73,10,20568.08,4,1,0,130082.05,1
7462b91d-3836-4f4b-9da6-7c8008c0650c,434,France,Female,55,5,114896.01,2,1,0,128152.4,1
dc63a60a-831a-4b8b-98d9-42a2b3c4bcd2,494,Spain,Male,70,8,76615.87,3,1,0,72457.6,1
22e8fdb0-3e68-4fac-affc-cc0a6cef14d4,700,Germany,Male,78,3,205595.3,2,1,1,63328.98,0
918b690c-3ec4-492a-9827-0c7bf8b70a5c,332,France,Female,53,2,14244.68,4,1,1,83950.64,0
b579ca7a-7822-45b4-8cf1-74c10c41c3fc,759,Spain,Male,57,7,104651.82,3,0,1,94460.43,0
82f96d62-c0d6-40c2-b21d-897050baff7c,769,France,Male,34,10,114607.86,4,1,1,50983.84,0
b42aef42-c9b1-4f58-be65-458312572bfa,674,Germany,Male,47,9,181251.52,4,1,0,123214.16,0
833f0d76-8570-4d1f-bf8d-deeb00ff4aa2,321,Germany,Male,26,8,143571.89,4,0,1,83242.76,0
86db256e-e1cd-4883-87ad-eb308edcb889,337,Spain,Male,50,10,166803.08,3,0,0,63425.92,0
6383d601-2321-476a-930f-a132fb3178dc,529,Germany,Male,73,4,194262.32,1,0,1,33886.73,0
9e7f23fa-f7bc-487a-aebe-a541debfa26b,664,France,Male,69,8,215550.74,3,1,1,51049.87,0
23f62a72-c968-49fa-a301-729a104bc51a,737,Germany,Male,42,1,78468.87,4,1,0,143406.55,0
63dad90f-83ed-4f94-bb4c-3d08d75b3079,582,France,Female,31,2,134505.68,3,1,0,59662.96,0
d2ba7daf-6a3c-4db0-b21a-2e89d69f3827,326,France,Female,28,6,210027.02,4,1,1,41951.71,0
ec348b0c-43e7-4f9b-86b6-2edfa01aadf8,525,Germany,Female,70,6,247362.78,1,1,1,79887.46,0
80427da1-a08e-49ed-a007-362bbf219d91,576,Spain,Male,52,5,222379.83,2,1,0,59921.41,0
fc3dc4df-3fe2-40c1-b16f-dc2b80df710c,583,Germany,Male,58,5,92866.82,1,0,0,24570.7,0
7a9a4024-6435-4a7a-aaf4-9500e0baeffe,780,France,Female,76,1,48791.63,1,0,0,62008.88,0
c0c2e4dc-6617-435c-982d-95343bc90e33,752,France,Female,31,9,122348.13,2,1,0,90734.12,0
1d861088-4011-4eb3-9fac-b0e8c4ba3360,815,Germany,Female,47,5,185410.36,3,1,0,91722.61,0
0d824e77-95c1-4f4c-8193-45a903e9ad85,846,Spain,Male,58,3,123142.27,2,1,1,66352.66,0
92cea75c-9c65-432b-b0e4-b2d1cdcf2f22,491,Spain,Female,21,2,120795.22,3,1,1,78149.36,0
dcfe5366-16cf-4fab-a6a5-b65aea4e2e12,348,France,Female,76,10,209557.61,3,1,1,145517.33,0
44265714-f520-497e-870d-67c43782086a,811,France,Male,21,1,90350.94,4,0,1,69055.3,0
75b2f544-fb3e-44d6-b3f1-626f93f299fc,316,Spain,Female,45,0,214948.67,4,0,0,53569.49,0
496e88c4-e0a6-4119-82ac-8105d3b2e30b,471,Germany,Male,25,10,101701.2,2,1,0,51650.72,0
7a4c7609-3227-4bd7-ad3a-67e7a929271c,519,France,Male,19,10,82058.28,1,0,0,79509.4,0
8d23572c-8170-482f-8ef8-e3c10b30d157,457,France,Male,58,4,113497.48,2,1,1,118737.62,0
2f1a26b2-e97c-4bb8-9e3e-104a590d434d,776,Spain,Female,78,1,190611.74,3,1,0,46778.46,0
24133d97-1ba2-4c87-aa15-d32ca1d6d9e2,345,Germany,Female,63,1,31500.51,4,1,0,112208.5,0
98797ec6-e432-4272-af19-cc51be4a4404,672,Spain,Male,39,6,49104.8,2,0,1,22749.48,0
f0e402fb-d7f5-452b-b42d-b83d5626717c,817,Germany,Female,58,7,237861.21,2,0,1,74461.29,0
b7ce4af0-5bef-4170-80eb-be177eb1d917,398,Germany,Female,73,9,43872.91,4,1,1,120862.46,1
46d45c6d-55f8-47e1-8e8f-e618ba88f50c,336,Germany,Female,72,7,141931.83,4,0,0,64035.28,0
9333ce4f-b65f-43d6-8bd8-ec6f9c437a30,579,France,Female,33,3,144828.62,4,0,0,93285.82,0
4c050cc7-f09e-46e4-bbc8-e73711f43798,648,Spain,Male,46,0,122406.12,3,1,1,46647.3,0
a1979699-184f-4067-92a8-b2d7c7d2ce4a,796,Spain,Female,79,10,161186.31,4,0,1,116459.4,0
000e5b37-edce-42c7-aa28-c68a6d046764,601,Germany,Male,66,6,57456.68,1,0,0,26796.28,1
94f2e5ee-bb28-41a9-9573-254e1d82c30f,480,France,Male,65,0,138165.57,2,1,1,130830.54,0
9f146625-7969-4248-a482-84e91434c694,398,France,Female,47,10,93043.31,4,1,0,45765.53,0
85afb02e-baa4-42ea-a8f4-689f23620d4d,415,Spain,Male,29,3,165416.81,4,0,1,133671.74,1
d4cb0236-8230-4dff-aa37-0506081393fc,490,France,Female,52,7,35305.89,3,1,1,65828.8,0
30c328b8-e789-4be8-8308-ad9bca895b74,552,France,Female,28,1,142719.35,3,0,1,113948.86,0
7bba9b1d-b26c-40b4-ae05-a64877a6eacc,460,Germany,Male,63,5,46317.59,2,1,0,61499.29,1
269f798a-6d9b-485c-bf11-e5893da644c9,555,France,Male,67,5,69660.77,1,1,0,137768.52,0
59a313c2-4b92-421f-8d17-31367ef6ed85,622,Germany,Male,38,8,54677.45,2,1,1,36462.83,0
9e277615-1400-4b23-be04-81bf0d301bbf,427,Spain,Male,38,4,45709.44,4,1,0,43207.57,0
b3064b08-6f23-4402-951a-29205dab7cf7,317,France,Female,22,9,206427.74,1,0,1,84093.92,0
98267749-24bb-4554-96f6-61d3e5890670,622,Spain,Female,65,3,71426.89,1,1,1,30652.0,0
7d7f0e10-bc70-40b2-ba32-a0fc3395be71,587,Spain,Female,37,4,231780.95,1,1,0,45477.42,1
bdc824cd-646e-42e1-8d58-daaa27dce2b8,454,France,Male,54,9,242481.63,1,1,0,142689.63,0
ceae5a54-00ec-4da4-a3f9-b3adf4e6da88,789,France,Male,20,10,142815.12,2,0,0,146943.66,0
5d532f81-7c42-4cc5-937b-6f05d5202afa,685,Spain,Male,61,4,35750.28,3,0,0,68913.71,1
bb98fcf6-6ad4-4714-b840-3d0f15b9526d,403,France,Female,50,7,93637.06,3,1,1,140027.18,0
7ead02fd-516b-4eeb-ad5d-71c850f4b252,692,Germany,Male,70,9,199433.07,4,1,0,90827.21,0
40c3c3c8-666e-4088-8fbd-9e0ef8b0ad6e,545,Germany,Female,78,7,91847.68,3,1,0,55066.52,0
d66881b1-074e-40c9-b133-8e26d693b5f0,475,France,Male,26,1,21754.3,3,1,1,111311.83,1
7eb1e626-a05e-458e-8c3c-d7fb8051c7dd,338,Spain,Female,78,6,139196.23,3,1,1,105657.23,1
847367d3-f0cf-416e-94f8-3b1be3252d9a,776,France,Female,26,7,211280.21,3,1,1,148586.29,0
c539f3d1-b483-47a5-9457-f707b0319224,837,France,Male,21,10,198981.6,4,0,1,54456.15,0
c1f6ec53-7cf3-4f8f-a049-54cf94fa0c1b,707,Spain,Male,52,5,43780.79,2,1,0,107367.74,0
2e50ed68-216f-4b9c-b7b2-2ce2fdc985e3,824,Spain,Female,34,4,168191.15,1,1,0,26763.09,1
9f20fa7c-2c6d-46b6-853d-3337ac60185a,805,Germany,Female,51,10,55126.07,3,1,1,34773.99,0
c5eb817c-5e9e-4294-8d80-38a2e1172423,335,Spain,Male,41,8,54551.88,2,1,1,20509.39,0
71212dd2-8ca4-4146-89d4-c84cc054b191,319,Germany,Male,49,2,218517.94,3,1,0,149929.89,1
ab548039-fc49-4ea7-84e6-02523515d2eb,620,Spain,Female,18,9,62417.24,3,1,0,124295.58,0
738b2c16-5630-4918-a508-94f532a06fd1,811,France,Male,25,3,65811.84,1,0,0,122273.99,0
9256dcbb-3495-42a7-9a84-23a14b4d7751,699,Germany,Female,62,8,163.35,1,0,0,86264.39,0
8e952606-2a58-43fe-9c30-9949fbe572ee,770,Germany,Female,40,5,217667.26,1,0,0,59008.72,0
274fbfd6-aa65-4b72-ab88-f7a1988a6996,442,Germany,Male,64,7,198148.7,3,0,1,39664.36,0
fcd36be5-0746-43b5-9e6d-d1eb12810024,391,France,Male,57,6,156832.23,3,0,1,57007.72,1
c2bf612b-af08-448a-8e30-59f7a63d34af,653,France,Male,29,10,187566.44,3,0,1,68876.26,0
cea16464-d9c2-4408-afbf-6dca920b62ce,350,France,Male,71,1,38012.14,1,1,1,118320.31,0
f87a5fbc-d745-46a6-bbd0-6cd3c44944d3,489,France,Male,29,2,114580.9,4,1,0,90156.03,0
d47d7e10-1107-4b4a-bed1-7530cad2bb65,424,France,Female,63,0,87804.85,2,1,1,30072.87,0
81075c71-85cc-4632-9b1f-ec907942656a,449,Germany,Female,64,8,23444.13,4,1,0,22343.77,0
b8bc0d29-0745-48b9-b9cc-02fb68dfe2f3,613,France,Male,32,6,121532.62,3,1,0,33303.18,0
abd169f1-7fdd-4400-a2e8-662a6cea003f,641,Germany,Male,58,0,230184.91,3,1,0,73364.83,1
3b3cbbe2-0b43-4d9f-9310-58d93de9b60e,604,France,Male,36,2,10014.78,4,0,0,141315.08,0
1f7ec3ad-e88f-4f96-bf14-3ed1573b675d,353,Spain,Female,43,3,72865.23,3,1,0,102862.32,0
613cf2ff-6ac5-44c0-82cc-dae8338d98f8,743,Germany,Male,69,3,51885.23,2,0,0,124237.37,0
85068bb6-db89-47dc-9785-d77a41c759d0,563,Spain,Male,46,4,59536.66,3,0,0,80628.7,1
875b3376-41cf-453f-9940-a1ddfdf3fda0,352,Germany,Female,39,2,227108.64,2,1,1,67016.59,0
aad3ac35-45b5-45b9-8cd3-54d4e0ce7d56,304,Spain,Female,57,2,117017.26,4,1,0,34092.05,0
f2c15e63-4927-417c-920c-d555cb206a4e,402,France,Male,38,0,116574.85,4,1,1,133871.29,0
cd8a1264-ae3c-4d1e-85b3-709e60e77778,495,France,Male,68,6,190143.91,3,1,1,121810.8,1
3e624bf5-2259-4809-97c6-4b85d125f610,649,France,Male,55,10,38623.05,2,1,0,41855.35,0
71bbc3be-6044-4614-8132-5d00c067531a,346,Germany,Female,37,9,121816.34,3,1,0,86593.87,0
6931dc52-530d-4292-8846-fae0f87462c4,568,Spain,Male,74,0,107496.3,1,1,1,83358.73,0
ffa49ec2-1c6b-42a6-a5e8-f0965c5676e3,669,France,Male,46,1,149227.67,1,0,1,101261.9,0
95590688-4c2f-45c7-a097-e9dd83b4e4cf,405,Spain,Male,68,3,249889.43,1,1,1,143004.3,0
49ea2515-fff2-440b-9112-b59b0df37302,419,Spain,Female,21,3,192362.22,1,1,1,95370.29,0
4552ce48-263f-4f0e-9b06-2a18a43655de,357,France,Female,72,4,99466.43,3,0,0,90228.24,0
b60e739b-1b4e-48de-9bfc-90ae6efa1d79,645,France,Male,24,10,206888.26,1,1,0,26541.98,1
fe70c87e-fbb0-4e1e-bb99-4493069e52f0,773,Spain,Male,45,1,42677.09,2,1,0,28177.97,1
4a786774-d3ff-4553-bb50-3b08c95f724c,416,France,Female,45,3,7615.92,4,0,1,44355.08,0
c6c11544-42a5-4610-90bf-6785245fbca9,426,France,Female,21,0,51112.09,4,1,0,24221.2,1
a646247f-2fac-4265-846a-d378ddd985e2,692,France,Female,39,1,85102.89,1,1,1,116635.88,0
5594456a-882b-46be-87d2-5bc8abcc10dc,357,Germany,Female,29,0,127645.19,1,1,0,114032.94,0
60785b58-6623-47e7-9407-e8ca5b5db494,812,Spain,Female,62,9,153782.29,1,1,1,37687.31,0
94b1b1f1-b07a-4470-aeb4-f1ee706a21a1,395,Spain,Female,20,9,227651.43,3,1,0,128690.26,0
1f5e8890-e7c1-4b07-b111-414051edd2c0,417,Germany,Female,39,3,127463.5,4,1,0,40122.18,0
37f74254-4ed0-4fa1-86b6-cc1b7253e306,787,Spain,Female,61,3,125318.91,1,0,1,59152.83,0
2a3073df-d6fa-48c1-bdde-77976da695a7,536,France,Female,19,6,12560.75,2,1,1,52367.0,0
dada0483-05aa-436d-bba2-0dd230c6abf6,571,Spain,Male,41,9,8727.89,1,1,1,68399.92,0
8fa63155-0a36-4715-a793-b9113b79965d,488,France,Male,51,10,137789.99,4,0,1,53106.29,0
6f9ed34d-3e57-4b0c-b5e8-98eb5dfe4511,746,Germany,Male,44,10,109544.65,1,0,1,83563.62,0
bab41215-c072-4eb3-8553-e2989f8a9699,546,France,Female,72,8,209795.1,4,1,0,72963.02,1
a878aee8-bf09-47ca-b75d-bfc0edd6cf65,375,Spain,Male,58,8,40169.9,1,0,1,148254.03,0
b0a7d7ab-7e6b-40c0-8a1b-6e6bc8bff15d,453,Spain,Female,18,4,6242.92,2,1,0,27270.43,0
9a0277c7-74b0-4e51-a9e6-3fcc321befa9,734,Spain,Female,25,9,112259.69,1,1,0,38483.58,0
40cc67c1-670a-4c98-848b-0962014d2cf7,385,Germany,Male,40,0,59369.64,2,0,0,26867.37,0
90f73288-e9d0-4272-9aba-f5e8124777dc,584,Germany,Female,55,0,12403.59,2,1,0,101359.36,1
81f75ea6-0ec8-483e-b3ce-3109fd45b69b,519,Spain,Male,23,5,181149.57,1,1,0,27086.21,0
d61136ba-81cf-43a9-9a15-ebc8892657cc,368,France,Male,39,1,27898.25,2,0,1,128737.17,0
c0ccda40-e935-4ed5-b6f4-55361968d355,346,Germany,Male,42,7,152079.88,3,0,1,86552.02,0
deff3cb8-7c17-4337-8ecd-f9d9b45a62d3,393,Spain,Female,35,8,70262.44,1,0,0,88510.99,0
3d2ff07e-eda4-4b0e-80b8-87c996bc5860,752,Spain,Male,34,3,43374.01,1,0,0,93007.29,1
e2833e40-a225-4df1-902e-e300387471ca,503,Germany,Female,78,4,94937.88,2,1,1,42205.78,0
9d267f11-8787-4baa-b80e-85782e267e68,517,Germany,Male,29,10,200361.44,2,0,1,45699.74,0
b61848f1-5005-4837-b721-3923515c0dd3,773,Germany,Male,23,7,98023.39,1,0,0,61446.25,0
d3230e1b-4894-4a42-907c-d139205dc801,731,France,Male,43,2,187692.41,3,0,1,97154.53,0
29714c5c-2c8d-4142-8c0a-d91a9883829f,640,France,Female,44,4,31371.57,2,0,1,47315.31,0
75cee064-95e1-4dbe-a601-4d1491375e9f,588,Spain,Female,25,2,193192.85,2,0,1,35123.12,0
51d0ad2d-0254-4174-a2d0-2cb0e840ea00,553,Germany,Female,36,9,59233.33,4,1,0,146115.2,0
12b14c62-7495-4e8f-ae16-33535ae62c65,656,France,Male,77,2,169348.28,3,0,1,22857.64,0
10c8f977-c87a-4404-ae4f-d5d160ca2d48,322,Germany,Male,59,2,141445.39,3,1,0,124350.66,1
c67c27dc-53b1-4ff7-92cd-cf9a3f4efd21,821,Spain,Female,18,6,232286.18,1,0,0,122444.57,0
e8e0579c-683d-4c75-8d99-7873bf2a50ea,399,France,Female,74,6,96830.63,3,0,0,58637.83,0
4301fc88-6d7b-4c39-9c91-22da662f672f,479,France,Female,46,6,16541.3,1,0,0,37631.46,0
30ca0a76-627d-4992-9841-0fc1ef725c44,522,France,Female,62,9,4788.87,4,0,0,38931.72,0
d4a0d545-fd77-41fb-8442-28a0a812a2f3,741,Spain,Female,66,7,206714.64,3,0,1,110666.11,0
074addc9-784f-4f73-b80f-7b1402296536,624,Germany,Female,52,4,131183.91,2,0,0,103564.86,0
8438984e-4e97-4935-b660-43616c733f88,815,France,Male,57,4,193811.01,4,0,0,121756.94,0
6bd49cf7-ebd8-4a7d-8387-bd565eac2681,315,Spain,Female,31,3,58606.4,1,0,0,141872.55,0
9400bbf7-124c-41dd-8fbd-20158a13748e,635,Germany,Male,52,6,86270.94,4,1,1,109950.56,1
5d6bb2eb-9a31-48e3-bdc8-c253ed501b4f,557,Spain,Male,65,9,7525.97,1,0,1,40260.7,0
68112317-89f0-46f2-a1f6-bfc6d850478c,796,Germany,Female,62,3,240373.08,4,1,1,51647.54,0
6c505395-5790-4c0d-95e8-3497d4285d87,459,Spain,Female,37,1,166966.98,1,0,1,129485.19,0
c5085ed5-0cbc-469c-8eb3-979d7c130534,774,Germany,Male,73,3,233301.27,3,1,1,47209.79,1
24802022-c613-48e0-bdc8-410515fbc6c9,679,France,Female,66,7,66374.1,2,0,1,29427.9,1
8f95e7ae-98b8-43ee-94de-cdd60b836893,844,Germany,Female,30,8,152865.9,1,0,1,111426.41,0
86a95dbb-d144-4df1-82f2-54d3780adcbd,726,Spain,Male,78,2,169624.99,4,0,0,72328.43,0
a3d62c67-3843-42b8-93a8-70e4b1e9a1f8,567,Spain,Male,55,6,79387.43,1,1,0,139605.21,0
dc44d7a4-4069-4294-91f4-4ab0e974cbf1,716,Germany,Male,66,8,212027.31,1,1,1,104533.16,0
90a4ce75-9924-4357-ba5c-b9c761c881c6,467,France,Female,63,10,236790.37,1,1,0,31754.47,1
cf42bb62-2ca2-4dfb-ac06-29c743d2c347,342,France,Male,66,3,221213.78,4,1,0,143221.35,0
8fd486be-0ace-4e4a-b8f2-9aef3a8a0c7d,584,Germany,Female,79,9,184766.74,2,0,1,53612.44,0
2e2900f7-74a8-488c-bead-c1ecdcfae9c4,696,Germany,Male,25,2,69366.17,3,0,0,63837.62,0
6179fa45-b6f0-40d6-a094-2e751c2b8ec1,311,Spain,Male,60,4,70404.01,2,0,0,72293.85,0
bf7a39dd-6168-4973-b368-03ed42fec846,601,France,Male,37,0,240840.08,1,1,1,26659.16,0
6af5195b-3d90-4a5e-906a-2d67a3f36da8,552,Germany,Female,77,2,2571.12,4,0,0,84547.0,0
010b048c-a582-41a8-a466-d62ae0c0c483,798,France,Female,50,7,179012.49,2,1,1,36031.4,0
571c10e5-9d18-4e49-add7-0ec55e3486b0,334,Germany,Male,43,10,176561.54,1,1,1,72126.14,0
1f7889c1-a01f-4e50-bae7-98f4d022386d,389,Germany,Male,56,7,155672.39,3,1,0,65592.27,0
c8bf3bbb-27a7-474f-b27e-b3d84e9ff1ba,717,France,Male,38,3,247527.21,3,1,0,120469.21,0
fcf86254-c2f0-40b8-83e9-6fb62bf15fca,414,Germany,Female,70,1,77969.86,3,1,0,124412.17,0
ce712b10-f4f3-40a1-9d6c-53d3d0fd6136,495,Germany,Male,66,7,84992.97,1,0,1,39943.67,0
f30bb061-9dcd-4778-982f-4c2e6365be2e,800,Spain,Female,79,7,19734.85,4,1,1,67651.65,0
f08f6b9b-7d76-4a8a-a749-ef031af49ffb,792,Germany,Male,59,9,110699.53,2,1,1,68535.91,1
13fa5759-e222-4e00-8c6c-debad4046616,374,Germany,Male,60,3,65262.13,3,0,0,39683.36,1
ff169c78-9d16-43d7-82ab-da5f3fe9abfb,712,Germany,Male,71,2,85846.68,1,1,0,123798.96,1
483ee06f-0a0b-411a-bd76-041659f72f05,675,Spain,Male,79,1,208642.95,1,1,1,111939.68,0
a98b9b06-6f38-4cb1-8f12-a4f5341e1812,719,France,Male,58,8,233871.13,2,0,0,44749.63,0
c652628c-306d-46cf-a190-42b3974cdafb,576,Spain,Male,26,0,46433.27,3,0,0,67673.85,0
60e6b5e0-ecb4-45a2-95eb-a223635e1c78,693,Spain,Female,41,6,93127.23,1,0,1,33754.65,1
27199f24-a601-4970-aea8-fb7aee9701bf,756,France,Male,54,4,232157.64,2,1,1,101666.86,1
b59e1f9d-b98f-4aea-9199-0782b0a74d78,491,Spain,Female,66,7,15452.12,4,0,0,35778.35,1
cfb2a661-f42a-430d-b120-d22ca3de90d3,398,France,Male,58,3,23090.13,4,0,1,148171.44,0
a80249fc-8a28-40ff-963c-3e9f3af90876,847,Spain,Male,34,6,40697.75,4,0,0,121488.67,1
ed1576e5-464a-4240-85c1-95cd40c4bbbb,395,France,Female,41,4,148803.21,3,1,1,70731.01,0
f9cb2f20-a58e-48c5-9fe6-280ddf438041,489,Germany,Male,38,4,37618.07,2,0,1,95213.31,0
10148161-dcdc-44ac-a6dd-9bba1d606ea2,336,Spain,Female,68,8,242019.1,2,1,1,138474.44,0
bfef175d-2658-4d50-9fcf-caf3b4b8d5da,668,Spain,Female,76,8,111678.63,1,1,0,92032.91,0
55e07a08-c0cf-4c70-a5ae-c569bc44e1e0,824,Spain,Male,56,8,125379.49,1,0,0,42684.8,0
673a1219-90e0-416c-b9cd-14d9a6172886,578,Spain,Female,72,5,61664.65,1,1,1,69231.44,0
97b25349-6820-411b-8d58-6103157e5d82,516,Germany,Female,58,5,117740.06,2,1,1,129608.83,0
6a4d05cc-ed29-4343-bfcc-c0153ed68163,572,Spain,Male,56,4,165478.41,1,0,1,103747.69,0
cc2520ba-b9d8-42c9-945d-747c69f7a12b,361,Germany,Female,30,8,187794.28,2,1,0,104594.17,1
63647c8b-2770-4cdb-8460-0ce22a529706,641,Germany,Male,28,9,188467.02,2,0,1,132686.79,0
e940d873-2f3a-4f84-afe0-da722487fe3c,696,Germany,Male,63,7,144472.78,4,1,1,136216.5,0
d9a20ad6-76a0-4c7e-be0e-4bb36940f24a,318,Germany,Male,36,6,226089.94,1,1,1,139573.03,1
c4062976-486e-4f51-937b-615be4a6f2a2,476,France,Male,28,6,204351.96,4,0,1,32330.4,1
23991113-c6c8-4fc5-bd3b-bce4485699a8,695,France,Female,30,5,189262.03,3,0,0,90736.38,0
2c839c42-48e9-4a8a-a2c1-97d1e8739b97,744,Spain,Male,63,4,13901.38,3,1,0,116266.24,0
3e72f43a-a205-4bac-a93f-28c20b1e180f,532,France,Male,62,3,1719.49,3,1,1,118400.49,0
c1dc78d5-eb8c-4b8e-8332-12dd2748aa27,375,France,Female,18,2,53111.82,2,0,0,98873.11,0
d21e53ed-7455-41f9-8ada-a6502f3a8504,564,Spain,Male,57,2,165880.9,2,1,0,41682.35,0
3d266ea2-648f-4a0f-9aef-d6518a1b1029,754,Spain,Male,61,5,102799.37,2,1,0,123664.67,1
03c8c2f6-a599-42d8-ad61-4bfefb9cfded,683,Spain,Female,36,3,100601.56,1,1,1,113614.47,0
4de8b7ab-3ee4-4631-ad8d-d3da819a3593,805,France,Female,29,5,221146.72,4,1,0,31197.65,1
29a29b74-77a5-4588-b3ea-2c99a9708249,666,France,Female,25,2,223890.71,2,0,0,80295.28,1
c7d906bf-5354-485c-a941-9c6d354b8d9f,443,Spain,Female,25,3,227293.82,4,0,0,42617.06,1
f7e7c2df-9364-44bb-b0fe-dec389795c36,368,Germany,Female,78,8,78469.52,4,0,1,63872.02,0
f82e730a-bca4-42d3-b536-26b2e114f63e,398,Spain,Female,70,4,172763.95,4,0,1,22350.54,1
b598a595-326d-49a3-be4a-24f2a3bcd2ef,695,Germany,Female,62,6,67908.3,1,0,0,72042.88,0
54f9b73c-10f9-4702-8184-e33327a19c08,324,Germany,Male,29,9,47652.46,1,0,0,91484.0,0
0fa8a8f2-48fb-44f7-ac55-60080dae4750,768,Spain,Female,78,1,46158.11,3,1,1,100545.74,0
80e7251d-de4c-419c-b224-90cc9b64e4d4,783,Spain,Female,65,4,85526.91,3,0,1,106253.74,0
0d90c336-05b0-4344-b186-475fb065339b,450,Spain,Female,50,8,107489.4,4,1,0,128717.87,0
622c4972-948f-45ae-a94a-bbe7d803b668,443,France,Male,62,10,207737.29,3,1,0,48010.18,0
c6a16dec-7dfa-40d7-be4c-19a0e23426f0,338,Germany,Male,43,2,29972.77,4,1,1,35662.64,0
ff27c9bd-c58d-43b8-8a66-1056f8a62eaf,408,France,Female,56,8,183731.46,1,0,1,130699.83,0
1d970bfa-7679-4688-a3c1-694691d7ec49,341,France,Female,45,10,132863.73,1,1,0,40359.67,0
62baef57-3857-43fe-beda-b4bb87c74bdc,485,Spain,Female,75,5,71986.34,1,0,1,146718.81,0
d6316d69-2c4f-4909-a86c-8ca3d48d5515,697,France,Male,22,3,123204.9,2,1,0,129529.97,1
bf8e1dcb-d9fa-4c7a-87b6-88b342a0ea4f,522,Spain,Male,25,6,74985.52,4,1,0,85113.96,0
7e153988-8145-4a24-9661-3fbee37d7bc8,432,Germany,Female,42,7,149020.49,1,0,0,147584.79,0
e0c3da8b-41fb-4ab2-918b-88bbad21c318,462,Spain,Male,44,5,108460.98,4,1,1,32658.97,0
243ff2c5-8afb-4b78-a6fa-ffe6271392b8,514,France,Female,63,4,41101.38,3,1,0,59398.55,0
c61a24c2-7c9a-4466-a433-111b0e0696be,534,France,Male,40,5,29145.77,3,1,0,102969.17,0
eb7b0de9-809d-4bc4-8951-a1033dacfadf,308,Spain,Male,47,4,136673.92,1,1,1,65500.89,0
64563ace-f8fb-457f-aa73-657e47075f33,373,Spain,Female,62,7,225603.26,4,0,1,140688.43,1
36ac7382-2de2-4a57-a561-73d0d465c066,791,France,Female,64,0,85989.42,1,1,0,28531.39,0
09c0a6da-ef26-44ab-9d8c-e459be948836,552,Germany,Female,40,10,183250.03,3,1,0,91423.54,0
9385153c-50c2-4c1c-ba88-47e2076f7b3e,529,Germany,Female,66,6,164665.34,1,0,1,96812.61,0
a1eea264-5587-454e-b154-7052cb52572b,818,Spain,Male,64,9,232888.73,4,1,1,104854.66,1
e5060128-d5d7-48ac-bfdb-6c141874a2bb,473,Germany,Male,37,9,205245.25,3,1,1,53236.61,0
1b287d48-5389-4485-ac23-880c8c315cc5,467,France,Male,35,10,141651.31,2,1,0,67393.64,0
f12d089c-8cb5-4d87-ba2f-8e03eec4759b,469,Spain,Female,35,1,164257.62,3,1,0,129678.47,0
e885435e-52f8-4cde-99ac-3caafc491436,692,France,Male,19,8,224596.62,2,0,0,45342.56,0
359d917d-6e7c-41b8-96fb-87b9113307ee,493,France,Female,21,0,99879.7,1,1,1,127492.82,0
b059c44d-3701-402a-8e83-b66544b74026,816,Germany,Male,47,10,81698.68,1,0,0,93145.2,0
f58d0ab0-a7c1-4a85-9e09-d8338ae2a0e8,328,Spain,Female,50,9,2702.77,4,1,1,119084.38,0
083cf0f1-c5b4-4986-9aa9-d697d4b278aa,464,Spain,Female,53,5,206637.77,2,1,0,112768.96,0
59176686-81a4-4fa6-afdf-c08c7386d4e4,721,Germany,Male,35,8,200245.18,1,1,1,46976.49,0
8f479b82-3440-458d-a69d-aea904a9204b,638,France,Female,54,0,26113.63,2,0,0,93945.66,0
89df27c0-9774-44f6-954b-446d3a97a3e5,795,France,Female,36,3,144214.35,1,1,0,132804.01,0
31eb5a69-cb2d-4c36-b64c-f440eb275a26,664,France,Male,64,3,115995.42,3,1,1,76175.11,0
ba57c6c9-d4c9-4807-9213-db64f1748683,641,France,Female,45,8,29677.27,1,0,1,145656.8,1
2a33b560-8805-4ba9-8309-f3418313accf,799,Spain,Female,57,10,245142.06,4,0,0,78787.96,1
386c1733-b162-4479-ad01-a4e3f4ce31da,810,Spain,Female,37,4,53673.97,3,0,1,38562.13,0
ac0fca55-d425-4edd-a240-9970588eef84,626,Germany,Male,66,4,16808.55,4,0,1,70626.51,0
950d2a2f-e653-4ff3-adb1-f844fb958ab1,516,Germany,Male,50,5,148711.84,3,1,0,143721.31,0
089604fa-6375-411d-b6f4-f69aae4bef3a,600,Spain,Female,29,0,184716.67,2,1,1,61563.71,0
8f7785cb-b2f9-44fd-a40a-82272eda3757,431,Spain,Male,75,0,8110.86,4,1,0,132852.76,0
f6de263a-5df4-4a77-a4ab-a21c56ff9ce1,369,France,Female,68,8,164679.41,1,1,0,134562.59,1
48342e79-0593-4eb5-a1b3-91396476151a,551,France,Female,32,2,133072.97,2,0,1,65524.25,0
39409e29-98b7-4bc3-8449-de2bc338bb31,714,Germany,Female,58,3,25816.25,1,1,1,30823.5,0
6aad9cd5-ab70-44e2-9106-e32865b2af19,744,Spain,Female,56,0,43130.97,3,1,0,114192.53,0
061db2a5-7612-4491-ad41-5cb4cfef4073,481,Germany,Female,19,8,141993.57,3,1,0,60496.6,0
873f3b22-208f-4e42-90e3-f3805a6390c9,466,Spain,Male,46,7,74089.4,1,1,0,121780.07,0
eeb34918-2ec2-4b60-90eb-c7d1e24b0025,390,France,Female,58,1,234578.93,1,0,0,77545.13,0
8e3e9769-9287-47eb-a93a-7828a1a7a897,830,Germany,Male,27,7,204685.06,2,1,0,83084.68,0
91dd5ba3-f1fb-4d9b-b048-8adfd867f2c7,338,Germany,Male,19,6,245891.8,1,1,0,121128.22,1
ed3692d6-1613-4973-913f-08bde28710f4,425,Spain,Female,68,10,64917.71,4,1,1,69707.23,0
7a217b8b-ec11-4d6f-af80-4771673110df,750,France,Female,28,5,242430.91,4,0,1,77606.55,1
450246b5-9acc-4015-a4f2-e88f10c1d1a6,472,Germany,Male,30,0,107808.47,1,0,1,68904.76,1
f2487bb5-efb4-407f-b93a-8d2fd350e3d2,519,France,Male,27,6,86879.7,4,1,0,67754.27,0
8f64d493-b5d7-4479-abcf-d5753b83f7b5,357,Germany,Male,31,9,12587.38,1,1,1,88373.05,0
057f4be9-fc97-4372-9867-bfcb183d5489,775,France,Female,35,6,13191.31,2,1,0,125143.93,0
59465b0e-ae72-44e8-bbe2-92d405a37579,755,Spain,Male,68,8,173002.81,4,0,0,67029.88,1
8350497e-56cd-423a-8b1b-58e2a46a3e66,660,Germany,Female,71,0,114482.25,4,1,1,88153.11,0
bd8c8ac6-92b6-4c91-be54-71ee77de4a5d,300,Germany,Female,26,1,56630.41,1,1,0,107194.55,0
61ba3b82-49b4-45fb-bcd4-73ef4b2b61c9,686,France,Female,74,10,153492.58,4,1,0,55027.13,0
a0b665b2-e41d-4949-a38e-e01b8162d771,647,France,Male,56,8,63214.53,3,0,0,56077.96,0
98369cb1-1ecd-48cf-8d4e-6ccc78b628f2,489,Germany,Female,45,8,144407.94,2,1,0,141343.71,1
d84c666e-edef-49a8-97bd-54903e46bcef,804,Spain,Female,20,5,89802.19,2,1,0,114059.49,0
57a67388-6ee0-4868-b11a-2dec7fd80a9e,490,France,Female,37,5,205888.06,4,0,0,95034.27,0
d2e22bee-1f79-49c3-b080-28cd5eb4dc5b,807,France,Female,23,3,205174.04,4,0,1,104203.61,0
5b39b062-ac67-43dc-88ea-3ca6b5d429de,668,France,Female,44,3,119337.6,3,1,0,23808.93,1
4e3c9647-4d4b-45bc-b967-7037379e53d0,708,Germany,Male,70,4,87704.78,3,0,0,100353.39,0
92062f52-e43c-4d3f-875f-b08884035479,416,Germany,Female,19,2,90639.95,4,1,0,86236.15,0
62bdf0f9-b9e2-4e0c-b708-e951da96171d,433,Germany,Female,46,0,201428.63,4,0,0,90947.46,0
768a48cb-2074-41eb-ba4c-f5ab5ebad143,357,Germany,Male,55,0,82044.87,3,0,1,66725.1,0
3d60d93a-5652-4a6e-9a38-0f6f44a2cf8e,472,Spain,Female,20,6,52264.84,1,1,1,30591.61,0
fc0cc027-6960-4db8-b919-8637eb3b7e45,448,Spain,Male,33,0,21172.09,3,1,0,45134.1,0
920e19d1-5718-47fb-b2e3-11d55b6b5fa4,379,Germany,Female,47,0,116673.28,1,1,0,143596.81,0
ae600446-9a32-42e8-b506-6321f0fda74b,512,Spain,Male,57,2,120533.02,2,0,0,73130.94,0
3f47812c-315b-4420-a33b-c200cef5d36b,502,France,Male,19,9,210227.18,2,1,1,80668.81,0
93418804-3ce9-4d0c-83d9-4cb47b40cbbe,528,France,Female,34,3,55309.67,3,1,1,26852.27,0
a6f125fb-9557-4d4f-bb1f-22a03784ea5e,526,France,Female,58,3,95247.82,1,1,1,24883.61,0
dbe8e96b-b4b6-4dfa-8ca0-74d4989492d0,831,Germany,Female,79,1,202101.43,3,1,1,113233.59,1
7039d283-03d6-4830-8aab-be3f41497666,740,France,Male,29,0,205905.9,3,1,0,89952.31,1
3a9213dd-f460-4b48-b2d9-d7d3d1b39982,701,Spain,Male,52,2,96152.77,1,0,1,86131.78,0
dcc6c190-32ba-4a49-9bb8-4b6c17da9f8f,346,Germany,Male,60,10,114781.01,3,1,1,51606.19,0
d3852f07-a2fb-465b-8c57-cb6d16d71f88,532,Spain,Female,18,3,75821.47,2,1,0,116817.6,0
84b7fd10-2e6d-4e04-b6c1-c023a27cec04,604,France,Male,72,2,233138.72,4,0,0,41870.76,0
ccc2ebd2-1baa-4cb9-ac30-6c5b3cdf2175,825,France,Male,62,7,29660.94,4,1,1,44691.52,0
00613b09-dace-40ea-9a25-dbc96539fe88,442,France,Female,32,9,233437.36,3,1,1,79892.58,0
c6e9811b-17c4-4f87-ad64-2dd547ff0005,714,Germany,Male,43,0,170966.61,1,1,1,57216.38,0
8cb0785d-4907-4558-a729-bd3dd955cf83,812,Spain,Male,54,1,132893.04,1,1,1,52170.19,1
4ec27728-cecf-49db-82c2-adbb120a1858,672,Germany,Female,38,6,8164.77,2,1,0,103880.89,0
640f169a-f121-4ffa-a5d6-f8a5fc46f082,558,Germany,Male,79,3,118899.05,1,0,0,104626.33,0
969bd31b-7c13-4028-a526-c7df2888a3d7,770,France,Female,66,7,101937.03,1,0,1,127187.22,0
7d61f24a-face-4bcd-8b69-ae541deefc9e,311,Germany,Female,48,10,40304.7,2,0,1,74302.11,0
344a0deb-c22c-4fbc-83fe-2c0c931d138f,629,Germany,Female,42,2,164102.4,3,1,1,29501.06,0
e4603f66-69dd-49a4-9eea-15881e014992,657,France,Female,40,5,242787.73,4,0,1,55576.63,0
a00266ed-47b8-4742-9a6a-53425254a934,707,Germany,Female,41,8,140547.2,2,1,1,147400.71,0
3e83ebe1-31ae-44d4-b5e0-b7e44b46a00d,672,France,Male,74,0,178688.32,3,1,0,97513.61,0
78927109-4f10-4a60-ba70-3d37c22a8df0,307,France,Male,55,0,17112.61,2,1,0,112265.82,1
472619e5-a346-49fc-a6ad-36053dc9cc61,421,France,Female,45,7,104416.75,3,0,0,20956.52,0
03fbd56c-35d1-40b3-ada2-3ddc47534968,647,France,Female,38,2,29089.62,2,0,1,87366.75,0
7ec6f3f9-eb88-4926-846d-3fd6680b5360,389,Germany,Male,71,4,153198.96,3,0,1,24878.73,0
c028efa4-2b26-42bd-b8d6-801972f91114,615,France,Female,60,0,234620.54,2,1,0,93999.93,0
e305f7e6-cc2c-4430-a3a5-831e5d3bf366,477,France,Female,35,4,165444.43,3,0,0,139700.21,0
9fe0dd89-af30-4cfa-956d-239e7e320757,839,Germany,Female,53,10,19200.76,2,1,1,145894.49,0
21b3e2a2-e720-4d46-b0e9-da86d1b417b9,340,Germany,Male,52,5,88666.55,4,0,0,90271.85,1
e3727363-df65-477c-8ab0-35545853f25b,801,Spain,Male,62,7,137665.84,4,0,1,79566.62,1
69148b6d-78a4-4a54-9ede-8c7aaa6edaf7,444,Germany,Female,72,2,100801.94,1,1,1,142852.22,0
b3031c8d-879e-4d52-b5ca-6eff16f349fc,500,Germany,Female,26,2,208411.0,3,1,0,107569.28,1
4b2dcace-b427-47ba-9b24-f0234ad57699,760,Spain,Male,70,10,203667.75,2,0,0,28436.91,0
a3913558-35de-497c-928e-cffd2452c04c,846,Germany,Male,55,10,152957.76,3,0,0,80544.33,0
d8e5651b-09bb-4508-bee8-43ed27aae69b,552,Germany,Female,75,9,93364.49,4,0,1,51231.85,0
9d18b12c-7c01-400b-a47e-79a36dc70c21,689,Germany,Female,47,8,63834.09,3,1,1,81074.56,1
476a98b3-cb98-400c-8086-dd860c74af54,555,Germany,Male,77,3,26468.58,2,1,0,79210.52,0
99ce5616-4401-4d8b-a46b-a8c2b7bb7d7a,749,Spain,Male,61,3,88724.42,3,0,1,95678.82,0
ea9d3c2f-1f74-4518-8d13-a90e10523171,309,Germany,Male,51,6,103293.13,2,0,1,66380.16,0
57daf21d-38ad-45da-be39-5c9e9ba874d6,541,Germany,Female,49,1,168955.73,4,1,1,41355.16,0
905c4ccf-cd9e-40dc-a422-03c61644a96d,550,Spain,Male,20,7,164539.96,4,0,0,85483.53,0
0e567191-9cd0-4517-ade3-60e6319e987a,304,France,Female,20,5,17527.03,4,1,1,127926.37,1
8850e76f-715a-4e70-88bc-9b6aa38faf13,418,Spain,Male,45,2,98814.83,1,1,0,106321.59,0
f4c0c12b-3490-468e-a1fb-647b26692fc4,673,France,Male,61,8,45444.72,4,1,0,63987.82,0
7026b485-07a2-435b-922b-987897d0402f,364,Spain,Male,32,4,39203.18,3,1,1,141617.99,0
4cc91b79-8e94-4800-ad49-09442d29ce67,445,Spain,Male,58,7,206825.54,1,1,0,138586.98,0
3f6c5d2f-b1da-4882-9939-07fce2353346,523,Germany,Female,40,6,10478.8,4,1,1,47215.29,0
f018caed-d771-4fd0-834f-40c3c8ac2056,538,France,Female,57,7,104795.72,3,0,0,25124.29,0
acebb5b1-983f-4c3d-8587-d22494bf06c0,476,Germany,Male,28,6,42050.91,3,1,0,116370.13,0
c30eff39-b993-4a9c-9b7d-30b42c99c564,581,France,Female,65,2,219832.55,3,1,1,127589.33,0
be0a39ae-a06a-427b-9252-eb9256f54e73,362,Spain,Male,49,1,139260.13,2,0,0,145822.39,0
d5632d6b-de97-4736-935c-01805e2016f9,516,Spain,Male,75,6,57845.16,1,1,0,135678.73,0
80b8b24c-2577-4e98-b1f2-f644eb0d4e17,760,France,Male,76,2,125606.82,3,0,0,98069.52,0
be737ab6-8a23-4252-b3e9-3a31fdf79fbd,404,Germany,Male,74,2,182871.59,2,1,1,88906.8,0
d42f2967-8ca8-4cba-a12f-a5af997bab94,398,Germany,Female,71,1,239529.5,4,0,1,23619.34,1
a6b101bc-8656-4741-a8f6-16c36fdf8de1,810,Germany,Male,53,3,55111.5,3,0,0,52065.34,0
3d520f8e-2553-4f3d-b9bc-bb382289ea03,684,Germany,Male,77,7,221545.44,2,1,0,79749.92,0
02fa9f11-ebe7-4ad4-a8ba-9f31d449fd8b,704,Spain,Female,50,0,233576.03,3,1,0,101705.51,0
f7c5477a-abf7-4f49-bd50-0178520ad773,817,Spain,Male,41,0,229105.14,1,1,1,92442.74,0
43cfe57c-85d2-4681-bdd2-872ad640d9b1,775,Spain,Male,56,4,158853.59,1,1,1,116542.68,1
87753cd1-b473-4217-adeb-284e25fde803,736,Spain,Male,51,10,157455.16,4,0,0,56369.7,0
59f78e9b-bbdf-4bc2-8bd4-0998961932db,322,Spain,Female,73,4,100802.66,3,0,1,93443.84,0
02daa3e1-4e7f-4b84-ae9a-e71575da9e8f,757,Germany,Male,45,10,188099.47,2,0,1,31458.49,0
bdfc92e0-9ba6-425a-a7fc-e651bf197e2e,382,Germany,Female,54,0,132823.5,4,1,1,73776.52,0
a668652a-a363-4c18-9e55-7d343365079b,444,Germany,Male,24,5,169359.52,3,0,1,117520.91,1
36b7dcef-95c1-4c54-beee-29bbdaa70b4f,384,Germany,Male,21,0,107114.48,4,1,0,110142.11,0
3548a113-04b3-4a2e-ba63-ef8838e9c659,377,Spain,Female,54,4,182874.12,2,1,1,148783.56,0
39216f3f-3ea1-4d68-9483-09dc949de822,756,Spain,Male,73,8,206117.88,4,0,1,56125.85,0
b04b2588-30cf-4f4d-b24e-3ec725f731e9,300,Spain,Male,18,4,36609.06,4,1,0,84764.61,0
53a600ad-e064-4293-92da-658a8cb2a910,350,France,Female,18,5,208232.43,4,0,0,62838.95,1
9f20ad17-9cbe-4744-9a73-4b467b18dfd1,745,Germany,Female,64,7,135074.13,3,1,1,77278.4,0
74b589bc-5eae-4b03-a8dc-a494731bafaf,748,Germany,Female,37,10,211166.48,2,0,1,131403.52,0
96d007a2-cef6-441a-afaf-f158451047d4,787,Spain,Female,36,0,107825.43,1,1,0,108947.18,0
1a5a463b-f372-4856-91ae-9daadaf36a33,333,Germany,Female,46,1,94760.12,3,0,0,134717.35,0
84e5ffbc-ad95-40a9-939a-29ee86425690,647,Germany,Male,27,8,228765.18,1,0,0,46456.44,0
d9e2aadc-5c0b-4949-b13b-af0b8555d392,394,Spain,Female,77,2,62792.32,1,1,1,133536.95,0
b326c9af-1d40-4cf6-b113-7ab778bbfa25,371,France,Male,35,5,211053.08,3,1,1,27769.1,0
f33a25b7-62e4-4f99-b359-dde418a7a9e0,453,France,Male,45,4,121005.14,3,0,0,135517.91,0
d672f2e0-49ee-40d8-a4c0-24e4bf55148f,549,France,Male,52,10,128523.86,2,1,1,62779.59,0
85f5def5-51da-47be-95de-9a5e0738c03e,737,Spain,Female,60,1,77117.07,2,1,0,60896.39,1
c1ef22e4-54f3-46bd-9bbc-2ed02d50699e,417,Germany,Female,64,6,143260.55,4,1,1,86571.51,0
0182a583-345b-479e-90b4-ad94dd8694da,605,Spain,Male,48,3,81302.8,1,0,0,142289.72,0
cc6cb08a-7f3d-4d91-aab3-590d3871c580,567,Spain,Female,44,0,9817.35,2,0,0,26211.58,0
90b6e762-298e-418c-89ca-1c9e321baa58,353,Germany,Female,79,3,67999.65,4,1,1,65790.03,0
dc27549b-8a85-4c15-b27a-5dc5fcd73477,535,France,Female,28,5,1594.76,2,1,1,131354.36,0
588cc864-6cde-4f22-804f-ae5a85c080ae,688,France,Female,66,6,244588.7,3,0,1,71487.08,1
09cf2a2b-fbc6-41e7-86ad-981a513bbee0,700,Spain,Male,66,6,241436.8,2,1,1,45890.4,0
acf65503-f436-4899-b052-f96f76617e86,602,France,Male,55,6,98788.82,1,0,1,75223.24,0
dbe0ae5e-f5d7-4753-8ff1-08dd3fb85bba,506,Spain,Female,22,2,182092.71,2,1,1,70121.83,0
6d063b07-2303-46ff-90b5-0333ea61319c,528,Spain,Male,25,5,86451.52,1,1,0,139004.11,0
1555a33b-c422-4a72-a395-bce511030a45,374,Germany,Female,51,7,167773.29,3,1,1,119051.47,0
9cd48dfe-4c24-4797-a842-eb434da1aeb0,734,Germany,Female,65,3,201357.51,1,0,0,85665.02,0
92e0390b-45a4-4778-9a45-915e985c31f7,402,Germany,Male,69,7,236689.06,2,0,0,148488.17,0
e348ac0d-122d-4cf6-b8c6-f8d9fc251ec8,721,Spain,Male,73,1,100053.07,4,0,1,80486.08,0
eb6b3ade-d04a-4378-ae0b-ea3a9010394f,605,Germany,Male,29,9,195824.5,3,0,0,27570.92,0
9c1930cd-bdbf-4133-8f85-b00bcdc7865e,397,France,Female,55,8,66482.11,2,1,0,54095.66,0
8d2d7da1-a007-428f-b4a4-26f25867ff6c,634,France,Male,18,8,247583.08,3,1,1,76689.16,0
b8da78b8-9fd8-448c-a2ce-9be1b3e4bffc,734,Spain,Female,48,7,6442.4,3,0,1,40397.34,0
4cea0f33-033e-4490-9863-14433936f9b8,746,Spain,Male,21,9,150882.2,2,1,1,143183.47,0
6e3ebaae-e600-4c9f-923a-ce013ef094c1,607,Germany,Male,66,9,164876.5,2,1,0,119690.36,0
f7de4f25-b09c-4768-8188-329fdbf602f5,548,Spain,Female,62,0,172011.39,4,0,1,54877.34,0
b8254f16-ff96-4dbc-be74-7f56ae91ba4b,465,Spain,Female,67,1,30096.89,3,1,1,96804.59,0
0cf6b280-3526-48ac-a86e-5ca89380af1f,780,France,Female,22,5,234632.45,3,1,1,113788.39,0
8bcf4b5d-c4f3-464e-a957-1a3fd74ff6eb,634,France,Female,47,9,45295.82,2,0,1,142366.26,0
ce0a2a80-4309-425d-943c-55af2c428271,841,Germany,Female,73,4,155688.35,1,1,0,134612.6,0
1ca9e6fd-4c1d-40cd-8b15-944d193f4d88,405,Spain,Female,41,8,55669.02,2,1,1,86974.99,0
95daa22a-ecfd-4b6e-b68b-2e8f486d297d,380,Spain,Female,76,4,76804.1,3,1,0,120704.84,0
1ad63bdc-790f-4910-9634-dbdc12390be1,432,France,Female,20,1,136614.64,2,0,1,93078.82,1
c5015898-f25c-4b60-9b55-dfdc68d0d7a0,437,Spain,Male,28,9,104298.35,4,0,0,91851.51,0
18bd268e-266d-4e5d-96bd-c41fc0326196,483,France,Female,62,3,40056.4,1,1,0,34916.45,0
16c9cf3b-33d1-46f7-b9e6-4259c1647843,700,Germany,Female,21,8,42734.1,2,1,0,36397.9,0
c2b7e3f9-aaeb-4760-95bf-ab0383c18d03,629,France,Male,43,0,104536.2,4,1,1,88839.37,0
fa52e18c-4dca-43c3-9d60-82e266607952,807,Spain,Female,44,10,189320.74,3,0,0,54952.0,0
d73faebf-d090-495e-b95c-9930cc9b1476,368,Germany,Male,63,0,224491.16,2,0,1,22734.8,0
e160521e-1b6f-4326-8015-007d6bda5ab6,845,France,Male,71,6,21031.92,3,0,1,113969.1,0
913275cb-e9fc-4f3d-add1-d9b71c20010d,352,France,Female,60,10,98275.98,4,1,1,24223.26,0
e4863e98-d953-42f5-b00e-4d65b3513b7a,749,Germany,Male,44,2,25061.39,3,1,1,97385.99,0
a1dc211e-e6f7-4247-8b43-610f803faa3a,504,Germany,Female,59,9,4148.12,4,1,1,90095.19,0
89d141d7-36cb-41c0-8a6b-7eb6ba814795,425,France,Male,68,1,165429.67,4,1,0,145945.91,0
43fe8e3d-6520-4f34-8c4a-63e3d3aaf8a9,342,Spain,Male,67,8,150612.36,4,1,1,82947.71,0
b1c0ed66-64ee-4f5b-bc76-095d2a144cbf,410,France,Male,23,2,40754.78,2,0,0,28268.19,0
0a60394e-3cce-452c-9e44-4af813db9f4d,482,Germany,Female,76,1,58453.21,3,1,0,91719.44,0
ee7962d2-9476-479d-a758-195a09581884,394,France,Female,78,7,5926.94,3,1,0,129342.5,0
c8e20db7-eb8c-4a24-9103-414753468093,673,Germany,Male,32,9,208736.8,1,1,0,149590.41,0
80b3d5ce-e1ab-4f6e-a341-74f12dedae6d,819,Germany,Male,70,5,243672.65,1,0,0,75944.61,0
8249199d-b7d7-4013-8147-0458aadb6e77,659,Spain,Female,47,5,33864.88,1,1,0,61638.84,0
644701c2-ac9d-41dc-a19b-7873b86e999a,580,Germany,Female,59,9,57868.8,1,0,0,137864.93,1
80966424-7346-471f-9c38-36af96fa9296,494,Germany,Male,54,10,217102.38,3,0,1,44861.48,1
b9dae97d-1216-416b-adde-b9e65f213eb7,494,Spain,Male,75,6,231615.95,4,0,0,100005.76,0
28627e21-d1b3-4769-8b1b-5109c2959e6a,392,Germany,Female,78,6,104906.85,4,0,1,72742.88,0
34bcadc0-f003-4a17-80c1-ad9f75e2ac0a,360,Spain,Female,54,10,12655.62,2,0,0,25340.71,0
32815f0d-40b3-410a-877e-36e8b22886ed,350,Spain,Female,59,5,9847.96,4,1,0,65147.5,0
ec7d3f5d-ea20-4368-b05a-5caf2f5a126a,702,Germany,Female,77,3,143487.47,3,1,0,54479.71,0
248a29a0-48e9-4054-968f-80b9137aa56c,304,Germany,Female,54,10,98223.78,3,0,0,109191.85,0
ca1bf696-3b06-4102-becb-02410963323a,765,France,Male,52,8,7163.11,3,0,1,143342.76,1
af5e63cd-0b17-4fea-8262-6b72a272c9f1,833,Spain,Female,40,5,145813.1,2,0,1,54846.13,0
5eb828ee-1ea8-464e-ae8a-4dec0665f5ba,704,France,Male,23,3,2825.63,1,1,1,125490.57,0
394ce6e9-6f28-44c7-be5f-97fd41ce556c,812,Germany,Female,21,2,196842.99,4,1,0,27196.78,0
2d5e433c-7c79-4cdb-9aed-e68959e6f8d6,532,France,Male,35,3,76608.21,3,0,0,89955.73,1
bb1ccb4c-8d39-49c3-84ec-75a8c2322276,823,Spain,Female,77,2,10064.5,3,1,0,29171.51,0
1b15018f-f379-4403-9bc5-11496f39e396,645,France,Female,26,1,147088.06,1,1,1,141424.29,0
a8d9983c-63dc-46da-bdad-aadd61e99e85,345,Spain,Male,66,4,99421.1,3,0,0,119625.67,0
bd8d8b62-55b7-4d6c-9cb9-029c1a06f0b4,845,Germany,Male,46,1,243450.1,4,0,1,105533.49,1
2530bb24-5e43-4f96-8daf-eec37dfdd4c1,377,Germany,Female,30,5,136049.67,2,1,1,127106.53,0
c5cbe2db-48dd-4977-bf9a-d292db5ecb9a,372,Spain,Female,76,2,68809.8,3,1,0,104177.57,1
ad743822-d92c-40d4-a6b3-6e62d01ba23b,548,Germany,Female,64,5,177359.72,4,1,0,145962.77,0
731ecd1e-7db0-4501-8c1f-023f9bd40add,346,Germany,Female,79,10,67873.0,3,0,1,112814.53,0
42a9afa9-1b47-4fa0-90ba-e2761bc05df7,420,Germany,Female,69,9,226060.82,1,0,1,140205.62,0
174e0186-3b45-43b7-a770-f7b5b5227aac,513,Germany,Male,34,8,93680.49,3,0,1,87227.15,0
574d9d87-1f92-4e37-b6b6-cda4ef1f1167,538,Spain,Male,62,0,137467.14,3,1,0,35218.37,0
b6d44ac8-7cfe-4f02-a8c6-7a3fcd168b24,355,France,Female,49,5,12643.28,2,1,0,88663.1,1
2a55f969-d139-43f7-8488-b27af013f420,649,France,Male,65,8,106530.31,1,0,0,36493.47,0
ae0a6072-f04e-4d20-9ae7-9ed18924285a,406,Germany,Male,39,10,208090.88,1,1,0,97024.15,0
348e6719-778f-40d2-a497-305b091ed9e4,347,France,Male,21,3,201412.2,2,0,0,82724.1,0
fd6f5814-a98c-438d-9bce-f49e71b38d81,636,France,Female,22,10,56079.64,3,1,0,100934.8,0
0ac75c27-4732-4ae3-98be-b942cce5d31b,325,Germany,Male,54,1,56519.77,4,0,1,21306.11,0
f1b8ee18-3812-451b-a542-b5f4c9643c31,556,Germany,Female,58,3,204326.33,1,1,1,45329.26,0
1d06a8b1-87fe-450e-8c12-d99965368511,307,France,Male,66,0,232599.61,1,1,1,83872.96,0
cccffff6-8891-4191-a8fb-50ea0d28c472,552,Spain,Female,30,2,23840.23,3,0,0,143565.46,0
0369a8b1-5214-4eb0-b498-cd685984eb65,602,Germany,Male,51,9,112514.66,3,0,1,69869.18,1
b2400a86-4f57-4934-8fbb-f9beaf123ded,355,Spain,Female,62,8,84363.57,1,0,0,75168.36,0
b0f3c3ce-79dd-4589-8fba-3b1050e43522,825,France,Female,39,9,217672.11,3,0,0,112910.49,1
2e0e45f2-91c5-43ff-8b81-939907abc923,773,Germany,Male,70,4,20881.23,4,0,1,98493.06,0
adc497da-806b-4335-bc03-a163bd16e454,327,Spain,Female,76,10,52781.49,1,1,0,58860.4,0
207d422a-cf2a-4dfd-b8c3-cb2510026058,377,Germany,Female,40,5,188117.08,4,0,1,73406.13,0
6e701d2c-c43d-496f-aa6f-7c85859f6b4c,515,France,Female,68,2,12823.46,4,0,1,48300.97,0
8a679efe-db0c-4ae3-9b96-964f9b028c99,685,Spain,Female,20,4,123133.85,3,0,0,145582.79,1
a1b3d9bd-412a-4f9a-b04c-eeab896d743d,664,France,Female,59,10,110526.76,4,0,1,36982.47,0
f19b6641-fbe9-4c56-8e7b-9cc1b46e5ccc,825,France,Female,51,7,83600.29,3,0,1,68338.78,0
806e2442-4297-49f1-bb0f-53461a6c602d,611,Germany,Female,49,5,98643.08,2,1,1,23359.07,1
76068132-6e01-4635-a6cb-4cd85233bf03,306,Spain,Female,62,3,132485.15,3,0,1,48831.33,0
60443aa6-a3b8-44b6-bd52-d176f6497721,302,France,Male,68,1,40341.84,4,0,0,121461.25,0
dad7eabf-00f4-43b3-8cd1-5c00faa1f6e5,662,France,Male,75,8,142998.97,2,0,1,46152.78,0
66f6e548-cf90-4d28-961a-6b7c991f7598,807,Spain,Female,66,0,201358.08,3,1,1,30408.24,1
fba9414f-303e-4e90-8de2-a8e262659b96,573,France,Female,38,0,190040.23,4,1,1,81678.91,0
7694bd88-adfc-43a3-ba99-7dcb16f21f7c,805,France,Male,63,3,38474.98,1,0,0,21296.0,0
51788510-3688-4449-9a87-e40be83ac7f8,314,Spain,Male,61,6,37312.37,1,0,1,31019.6,0
2d5b15a4-370a-4202-b675-8e2fd8b98c32,491,Spain,Male,38,0,67043.59,3,1,0,124991.36,1
46c95f77-54ef-46b2-9fd4-443c10699724,784,Spain,Female,61,8,90268.68,3,1,1,120291.53,0
200eb539-5d40-4055-bbcd-4b5091a3e7f7,327,Spain,Male,28,3,102113.9,1,1,1,138968.05,0
ce74ad97-7233-4527-86de-24dbb416de24,338,Germany,Female,56,2,169924.3,4,0,1,131087.01,0
99fe98aa-c6e4-420c-8428-427d4a890895,572,Spain,Female,21,0,14170.11,4,0,0,108812.82,1
21067224-41a0-4734-830a-ef30164d7ce8,530,Germany,Male,68,9,8668.18,4,1,0,26803.27,1
b7822b6b-1606-4963-9b48-9232bc9b0058,385,Germany,Female,18,3,97977.64,3,0,0,121770.32,1
f2e1d620-9084-44c7-a518-ac065541e2af,773,Germany,Female,45,8,174290.92,2,1,0,129916.41,0
ef8c2153-389c-4133-8432-e8b90f2d3bef,425,France,Female,41,9,48358.84,2,1,0,123880.68,0
f3013b92-78c8-4a9f-897b-a36c41f76f14,836,Germany,Female,78,5,160376.12,2,1,0,86102.27,0
e3c4fcc9-143b-49ce-99fc-263b7d0a3f22,444,Germany,Male,52,5,64957.03,2,0,1,50277.24,1
d7c51ce1-433c-4e20-a4e9-f4cc9e338e07,824,France,Male,30,0,221521.53,2,1,0,129892.9,0
b3098688-0b82-457c-a417-5a20fe7dba40,511,France,Female,64,9,223922.49,3,1,1,114531.17,0
fc9b05a5-d33f-4015-b0e5-24643e2b4c32,324,France,Female,51,1,74321.8,3,0,0,147498.95,0
8fed71bb-4fff-445a-ad7c-e3d9d259143b,693,Spain,Male,28,10,57498.44,2,1,0,40240.04,0
2582a540-0ac6-4316-8f1c-2a5494659ca9,366,France,Female,53,5,102825.99,3,0,0,49336.4,0
fd7e19b2-11de-4a45-806d-2a33952bd7e8,532,France,Male,68,1,60132.9,3,1,1,47533.76,0
052fcbfa-e0a5-469e-9904-f427c6ab892c,408,Germany,Female,78,2,168095.96,2,0,0,123030.17,0
f298906b-49f4-446a-a896-051195e530c3,445,France,Female,34,3,206516.17,4,1,0,44297.95,0
4bd450aa-5883-468e-951a-52d6e00e4077,410,Spain,Male,52,10,168273.03,3,1,1,28665.78,0
312de005-6d38-414f-a941-c35ce74c336d,527,France,Male,77,4,206087.61,4,1,1,149812.9,0
66e8bc69-059d-4d10-a51f-5ab091c0ac24,410,Spain,Male,35,8,99248.04,3,1,1,23226.24,0
fff64727-b114-47c0-b78d-00b7bd5058ed,769,France,Male,57,3,39079.24,3,1,1,128581.73,0
4274b34f-40b0-4702-9946-33ced56c3a0a,333,France,Female,39,10,184487.74,2,0,0,67497.69,0
a6f4bfec-076a-43df-9733-e757cfe48f4f,668,France,Male,74,8,90118.63,3,0,1,129410.01,0
8d00ee5f-abef-4dfe-956c-54bea6c4676f,724,France,Female,41,10,167817.71,1,1,0,92100.66,0
617e8b6f-8842-407c-8e23-bde3b2bb4cd7,817,Spain,Male,75,9,67660.99,1,1,0,137212.06,0
868b54ae-141e-4581-a129-95eb574f9e20,581,Spain,Male,36,2,20307.41,2,1,1,140405.09,0
459932e8-990f-496b-9c97-7176969e503b,619,Germany,Female,54,7,248145.45,4,0,0,21182.76,0
b0853df1-0bc1-48b2-a88a-2bc8b864f013,742,Spain,Male,56,0,39050.38,4,0,1,29803.58,1
f82fac0c-f12c-4ea6-9241-1824143d326a,614,France,Male,38,10,247105.25,4,1,0,52546.63,0
7647f7e2-6061-4a55-82ac-98f91ac7f4f5,676,Germany,Male,25,8,244319.98,1,0,1,107011.0,0
d5ee8df4-ea74-4631-8a04-aa1638e4e8bd,588,Germany,Male,45,8,198454.53,4,1,1,135475.39,0
ef26b1e6-2f8d-43a6-80ed-eec2a29ba62a,736,Germany,Female,22,9,164855.74,4,1,1,79792.45,0
11b91d5c-dbae-44e5-af12-dc4076dd096c,576,France,Female,34,1,144451.76,2,1,1,98906.51,0
b356c2b1-9f9a-4d9d-8023-4853bb8a73ad,802,Spain,Male,54,3,216525.39,4,0,1,44504.98,0
26afa84f-9606-41e0-8f68-c193ac7d5dbd,815,France,Male,53,7,72359.88,1,1,1,124645.69,0
d3bd78ce-b996-4c10-bb90-c5cfeeb1c727,649,Germany,Male,71,6,116920.3,1,1,0,145752.65,0
57d89005-2f6e-4950-9a4a-a6d40ef510c6,745,France,Female,36,0,154847.49,1,1,0,54917.86,1
b19c11e9-f3d0-4b19-8848-d22b8077f180,649,France,Female,44,4,102797.62,2,0,0,84327.37,0
3f12e62a-68f7-4c91-a90d-ef78c3dd7318,436,Spain,Female,70,6,106871.61,2,0,1,31195.09,0
4990df10-056b-4ac3-b78b-7b980bbe9dc1,542,Spain,Female,51,3,82571.17,3,0,0,92687.77,0
1ce61909-5bbf-4391-99c2-3f6739a35c0f,842,Germany,Male,28,0,141057.95,4,1,1,85361.85,0
0da28043-5349-4768-976a-dc95271b22b5,339,France,Male,71,8,212643.63,2,0,0,38776.74,1
2e164816-40d6-4221-b0c9-379720ab1376,528,France,Male,62,4,50382.09,1,1,0,77468.61,0
a36f0540-5979-43c7-9139-cc662b7d3d00,847,Spain,Female,64,10,233608.26,1,0,1,63433.6,1
69b62008-9825-425c-beeb-77b36f60080c,522,France,Male,29,1,172271.91,2,1,0,87838.01,0
0c0fef83-a3ff-4c2a-993f-b0e94c7938c5,305,France,Female,71,7,205818.3,2,0,0,96135.06,0
ad1a9df2-d7c1-44f5-ac26-4929341c228f,621,France,Female,38,10,139047.67,2,1,0,21104.43,0
f291e396-6b2e-4b74-a29f-0c4f7e474530,767,Spain,Male,71,1,194879.18,3,0,1,118930.78,0
ee7aab2c-dd58-45ed-96c4-ce5098e734c2,374,Germany,Male,28,2,4050.1,1,0,0,112691.86,0
c1235782-8bfe-418a-93b5-1fefb6cccf41,303,Germany,Male,56,9,204595.11,3,0,1,67617.23,0
ca39cf98-f8d4-4e60-b6bd-f4e402138659,417,France,Female,45,0,10034.71,3,1,0,26881.67,0
4909aca7-729f-4e50-bc79-05342dc2ee47,803,Germany,Female,22,10,222478.34,4,0,0,118141.23,0
8fd03eb8-e854-47ab-8cf1-4646eb51ece5,740,Spain,Male,34,1,247990.69,1,0,0,144172.77,1
6f7cb4c4-1cf6-4c23-a080-61e60aecde6f,493,Spain,Male,73,6,73516.87,1,0,0,51219.71,0
72556fa4-0473-40ae-907d-1b2dffc0840a,691,Germany,Female,37,9,52579.64,2,0,1,62058.2,0
476e4b54-9148-4157-b49a-6e3e93b519fc,325,Germany,Male,58,1,191340.84,2,1,0,43895.68,0
9663e7e2-05a6-4521-8b82-d08d501e8553,734,France,Female,63,5,63256.59,4,0,1,95001.7,0
2619e7ba-f883-4adc-b51e-ee8bf94c722f,472,Germany,Female,75,2,216390.6,3,1,1,40129.38,0
5e29583a-bc75-4b26-981b-6fa08d1ddbfe,599,France,Male,29,3,25710.65,2,1,0,66305.21,1
a00a62df-605b-4602-a32f-67d1dbc1bc17,625,France,Male,23,10,31488.8,2,1,0,110611.69,1
7a32e4d3-ef2b-4481-822b-6ea899cb02bf,709,Spain,Male,34,7,244787.89,1,1,1,92815.08,0
f0f4eead-8cea-45b1-8973-1ce46db9c3e3,417,Spain,Male,68,2,168459.72,1,0,1,70240.13,1
7f63db2b-c6c4-45ca-a94e-c5ff8812a569,524,Spain,Female,36,9,211721.81,2,1,0,74632.45,0
af0d75ec-7ae5-4425-b9b8-fb71c1f5bc19,831,Spain,Female,43,5,81082.34,1,1,0,93074.41,0
f8c3217a-2ead-4e66-97c9-a3dc76bebae0,412,Germany,Female,65,0,169120.94,4,1,0,20762.41,0
9e084a8b-31f8-48dc-aa03-62d33d890fbf,439,Spain,Male,61,6,148560.46,2,1,0,30206.28,0
776f3e46-a08f-4090-986a-2a2a46fe3a46,300,Germany,Female,61,7,150787.53,1,0,0,134563.55,0
e8e5d36d-5555-40e1-afda-501e98fd871a,389,Spain,Male,69,10,170633.11,4,0,1,30124.27,0
71474f0c-b7b3-42ca-83d7-cea960200c3c,619,Germany,Male,49,7,143839.79,1,1,0,111884.47,0
9f575ec5-a5f3-4925-8e9e-0e03d280ab48,849,France,Male,23,2,107265.59,1,1,0,139604.96,0
7771911b-65fc-4fb9-8aef-526229f7789a,438,Germany,Male,72,9,68980.67,1,1,1,55188.87,0
5cb11cfd-a4dd-4b91-bca4-8767827b5323,810,Germany,Male,75,0,192145.33,2,0,0,68163.89,1
63ee51f2-f64b-4c06-8162-f988d8098058,558,Spain,Male,53,8,56568.11,3,0,0,93959.78,0
cacd6205-7f64-44e1-901c-36d75d3db41f,309,Germany,Female,55,5,173088.58,1,0,1,134622.17,0
5c4a3b16-8250-480c-9cb4-b7f7ef0ebc33,560,France,Male,28,10,58333.21,4,0,0,142447.73,0
0a106f67-b95d-4914-9ac5-7e1638ac4aca,471,France,Female,50,8,156332.54,2,0,1,116143.22,0
b4b495d9-86d0-49fe-bd47-3920b64ef7aa,312,Spain,Female,79,6,186769.57,2,1,0,31260.57,0
bb6db0bd-93fd-41cc-9a31-396ea26431f3,467,France,Male,41,0,54678.47,4,0,0,106990.04,0
40fc61ff-5eb4-4479-9948-69592e9bc3d5,620,Germany,Male,40,0,14985.83,1,0,0,73339.48,0
11483259-349d-4ba1-b268-b52d24673952,618,France,Male,32,5,32743.44,3,1,1,81191.13,0
a5bfa0af-8f93-46e5-97f5-688823900cfd,628,Spain,Female,44,4,151499.24,1,0,1,26389.29,0
cbbc9876-992e-4c33-ae9b-7545f5825612,849,Germany,Male,28,8,212361.6,4,0,1,44838.08,0
40eba195-6882-4a07-a2cf-0c19aa249125,718,Spain,Female,74,1,11249.21,2,0,1,122766.77,0
1d2b2737-0c4e-437a-a675-b2ddf2d44f79,394,Germany,Male,68,7,183537.81,3,1,0,79014.65,0
adc5ca97-f2eb-4ed7-b63d-fded3bb6646f,617,France,Male,67,10,85329.66,2,0,1,59216.09,1
21a56329-f881-4ccb-9df8-bee1065654ac,535,Spain,Female,34,4,119632.09,4,1,1,69922.48,0
5f08d1cb-6731-4baf-9806-262fd469c4d9,633,Spain,Female,68,1,232214.89,1,1,1,131071.94,1
c23d343a-4890-4faf-9e79-63ba3e65911e,675,Germany,Male,70,9,82992.88,3,0,0,117369.87,0
908d301d-77c8-4b77-acb9-544f930ee945,758,Spain,Female,31,10,116334.23,2,0,0,55401.0,1
b943b4b7-882e-40b5-8150-8b0b40fed9e6,436,Germany,Female,44,10,3420.6,2,0,1,35275.24,0
299f99ac-4af8-482b-ab03-c7cf2bf460d5,846,Germany,Female,35,5,20399.68,2,0,1,52759.77,0
1e270c09-9744-4096-8fab-8d7c876e4fae,812,Germany,Female,45,9,64647.9,1,1,0,139698.34,1
f624cca5-f9d5-4b57-9287-d9bc63b7d72e,595,Germany,Female,68,7,6963.06,3,0,1,95606.55,0
86df1870-5537-4f22-b9f0-dbaefb94c790,619,France,Male,64,3,157843.83,1,1,1,89352.43,0
a79ab3d3-62f7-4c8e-99e2-05a1cc83e27f,648,Germany,Male,64,1,106599.59,1,1,1,97531.17,0
bd81e6af-bb15-4b73-be64-db8c2ea34985,528,Spain,Female,21,10,137036.3,1,1,1,67583.67,0
78fd63c5-5e2a-4056-bef6-da1a95859a6a,569,France,Male,24,4,43661.8,4,1,0,124923.91,1
0e38a9e0-5cec-4949-84ff-f238e8e6c547,590,Spain,Male,62,1,73983.01,4,1,0,88027.21,0
d1e6c385-9372-4ad5-b07e-8223c5dd7385,464,France,Female,52,1,165956.12,4,0,0,35177.23,0
23a1b0df-3139-427b-996d-9d0f0c5409f6,304,Germany,Male,65,5,241325.68,3,1,1,36778.47,0
fa646f0f-69fd-49e3-afe6-dfc3b9eec859,678,France,Female,26,10,12604.19,1,1,1,89791.69,0
3d3343fe-f7b8-40b3-8451-3fc354de1e27,377,France,Female,25,9,222596.08,1,0,0,141754.13,0
bf34ce8c-cbe7-4677-b660-db77e70c0521,709,Spain,Male,69,8,144220.3,4,0,0,60085.78,0
300d907f-13d7-4ae8-b446-70e0fef93d9d,431,Spain,Female,62,3,140979.89,1,1,0,133040.35,0
d720ce4c-1dcd-4f48-87e9-296b16a341d0,341,Germany,Female,34,5,125069.63,1,1,1,119332.43,0
b85adf0a-d177-47aa-8605-9504b9305dec,388,France,Female,34,6,17348.52,2,0,0,52215.62,1
34915a89-de96-4633-a539-efb0f7c1ced5,701,France,Female,66,10,22469.21,1,1,1,24724.3,0
71ad95af-042e-45aa-a6af-027cd4966379,595,France,Female,50,5,150228.0,2,0,1,33240.14,0
e6dc5b11-7578-432d-a03f-b3eb64136d75,594,Germany,Male,49,7,85239.64,1,0,0,114704.21,0
2d8debee-d831-4ca8-b46e-845511ffa850,825,Germany,Male,25,3,229317.02,3,1,0,45957.07,0
912eca49-5956-4cc6-8764-b7394b23dd03,721,Germany,Female,36,0,101647.63,4,0,1,68265.22,0
65252dae-c7ec-44c2-879d-523d4af6ffb6,322,Germany,Female,55,6,35820.36,2,1,0,85220.89,1
5e445414-551f-4f45-b738-779cd7dec6d3,442,Germany,Male,20,2,178679.71,4,1,0,114310.86,0
396e0568-26a2-413b-8854-8ae68716f10f,444,Spain,Female,76,5,73338.36,2,1,1,34720.06,1
7a3d98a1-9b66-4571-bd14-ad7f5fdb288f,524,France,Male,22,1,131367.58,2,0,1,72827.63,0
1fb36dbf-7fdb-49fa-9ef7-b66d428e48d5,802,France,Female,30,8,174458.2,2,1,1,83059.48,0
82fe3917-d3d4-4c2d-8a73-3dc78cba97f4,403,France,Female,64,0,225066.03,3,0,1,90307.52,0
a897f95e-1bf0-4f86-8888-7447adf59283,338,France,Female,63,5,198047.8,1,1,1,126386.88,0
242b0d74-0367-4e85-84b0-b4b8306750b3,497,France,Female,78,5,169090.27,2,1,0,42318.17,0
b2d3fdc6-140a-46f8-b09d-2c1c01f1fcc0,690,France,Female,48,4,169908.3,3,0,1,125018.09,1
842d5ceb-fcb5-4036-9617-029a56ed7e70,478,France,Female,72,4,236481.16,2,1,1,110074.2,0
6ea62863-d729-4e5d-a8d9-ca5b832c6016,747,France,Female,33,0,73956.02,1,1,1,92263.21,1
541e20ea-36e7-44cf-9d1b-556b802c4776,799,Spain,Male,67,9,278.02,2,0,0,110938.62,0
4cc12b1f-207c-472e-8e54-2f50dae1de14,314,France,Male,49,4,67988.64,3,0,1,73562.31,0
2c8f98ac-e4c3-4f25-9ad7-feb03e333348,588,Spain,Male,39,1,54472.84,1,0,1,37991.69,0
f9b51cd5-2375-4cea-8442-8105c0da6457,777,Germany,Female,46,6,165458.65,3,1,1,106549.48,0
cbc62466-e8de-420d-ad6b-c663d5f2a5d5,530,France,Female,39,2,158427.9,1,0,0,88207.4,1
575e5e31-cc1e-413e-8136-5bd5a2ca84a5,719,Germany,Female,60,3,148365.35,1,0,1,103118.72,0
9ecdb020-3b9e-41c8-bb45-e3ebd5c49093,456,Germany,Female,20,2,4060.86,4,1,1,63939.84,0
41f74375-5f45-4720-b798-282bd9bb3b8a,849,Germany,Female,71,2,182194.51,4,0,1,137892.66,0
aa563cd3-f5cb-4110-a81d-b3e7b90f10e5,740,Spain,Female,27,3,80882.6,4,1,0,96358.08,0
af3142f5-c43c-4f6c-bfdd-5a18f5fad5d2,396,Germany,Female,59,4,166264.0,1,1,0,31102.32,0
09f6c770-a103-4a21-b037-37195729739b,710,Germany,Male,79,0,139144.61,2,0,0,78474.52,0
e3c7affc-5415-494a-a61e-398232ea80d0,588,Germany,Female,38,3,85682.73,3,1,0,118326.29,0
db33d123-c170-45c2-b529-a308cc38b9ab,553,France,Male,33,10,33644.07,3,0,1,123237.49,0
cc09e982-bc08-49e0-aed9-44f80a0508a9,495,France,Male,29,7,23604.72,3,0,1,84297.62,0
4f1ee1c3-3a11-4133-9fa8-2136555de547,821,Spain,Female,19,9,207879.58,4,0,0,136317.18,0
a3a437d6-dc4d-4d11-b48a-4d13fd017e54,816,Spain,Female,58,6,229599.39,1,0,0,54796.9,0
19fc9cbe-589c-428e-a830-2d4239b17170,417,France,Male,41,8,162447.01,4,1,1,73377.83,0
5ef965ba-8d62-498f-9409-1762b2a479b6,458,Spain,Male,52,4,25858.53,2,1,1,136817.6,0
242345a6-c28b-464a-a7ba-29d0b7865950,527,France,Female,73,9,100506.8,1,0,0,136513.37,0
915bfcba-c56b-4daf-8891-d2926af95516,515,Germany,Female,47,3,182234.8,3,0,0,109142.66,0
9f5eb778-16a1-41b0-b43a-669c568dfffa,314,Germany,Male,74,7,194955.22,4,1,0,131667.47,0
8f1ddaba-f057-48a6-b42a-9430118ab9d0,456,Spain,Female,47,8,29554.66,4,0,0,31540.52,0
405b65f2-7670-4581-8183-4e03d8532f6c,560,France,Female,64,6,7.68,2,1,1,132449.35,0
d2a5e3ab-bb8b-4e0f-8b25-dc1a89ec0a3c,456,France,Female,52,6,178034.26,2,0,0,61680.59,0
04b12a4a-e5e8-45f1-a94d-7c0e60f391a8,346,Spain,Male,36,4,89149.04,4,1,0,43183.1,1
2b3ccd23-7ec5-4baa-b668-e9dceb21e8bb,623,France,Male,67,3,63620.33,2,1,1,51118.08,0
02cc1a16-5dff-452d-b621-07aa14f0fc3b,429,Germany,Male,25,9,3224.37,3,1,1,74335.91,0
d9e63323-1cb5-4884-85ee-341ed1f833f9,710,Spain,Female,43,0,135074.85,2,0,1,52654.96,0
89c8536a-a33b-4233-bafc-a2b63413f32b,394,Spain,Female,66,9,212787.68,2,0,1,61673.79,0
94f78f39-cbe2-4b16-ba3d-fe334b5ae50b,591,France,Male,57,9,239407.91,4,0,1,37547.2,0
4457ad65-3665-4849-9a6b-470b0cbeea85,582,Spain,Male,24,6,141436.24,4,0,0,58502.98,0
f002ce39-17b7-4479-87bb-af4ecfeafac1,368,France,Male,47,0,128615.33,1,0,0,94396.9,0
c2132320-effc-4721-baf3-ef2e1891607a,310,France,Female,24,0,21264.1,1,1,0,77440.98,0
2358a63a-69b1-4bb2-bd0a-6586d33b361f,553,France,Male,20,4,137218.2,4,1,1,65073.44,0
a0da0a8d-a0df-4754-bdb8-ab99216c9457,849,France,Male,18,8,94994.77,2,1,0,117038.78,0
30c5a7fa-ce3c-4d9c-8a81-7060809f62e2,433,France,Female,53,5,151783.82,2,1,1,136156.3,0
b7f3042a-f343-4a48-9540-99de2c9fa4c2,322,Spain,Female,42,2,97181.59,1,1,0,118382.6,0
fce4226c-ff34-4afe-8e12-f9a4fe2bfa1c,645,Germany,Female,54,2,60074.78,1,1,0,63160.09,0
b5c91a7c-fe24-4070-8606-616d15f212fd,601,Germany,Male,18,6,23741.32,1,1,1,116777.48,0
4e3a2075-cec1-4c31-b041-a89191450660,662,Spain,Female,32,5,78729.61,3,0,1,39757.42,1
082fe393-1fa2-47ac-9f89-43d69f1c4f91,695,Spain,Female,54,8,24161.21,3,1,0,36941.34,0
6e9b45ca-235d-4853-835c-871e25f7a6d3,517,Germany,Male,30,5,44224.24,1,0,0,64931.51,0
e95f0f6a-baec-4c2a-87b1-7b2dc7cfce4f,440,Germany,Female,57,4,246834.04,2,1,0,125001.31,0
7813f04d-7730-4fe2-b13a-d1c3fd9bd2b0,509,Germany,Male,25,9,111025.89,1,1,0,52025.27,1
c90de51d-08f4-425c-8ce2-8a1ba57bb58b,759,Germany,Male,22,6,132967.94,3,0,0,28222.94,0
d46c944f-881e-44cd-90a2-251f5896cce2,655,Germany,Female,77,0,218404.63,2,1,1,37122.24,0
4d6585ec-115c-4cd9-b905-cca31ff7ccad,623,France,Female,26,6,248892.23,3,0,1,131636.85,0
b9d4fa27-bdb8-47b2-852a-a712f247e383,432,Spain,Female,18,2,145678.61,2,1,1,102391.83,0
e15dfaed-3def-4b37-b68b-46a8b360113f,426,France,Female,53,8,203118.46,3,0,1,52916.15,1
aa0094ab-40ab-4a55-83e4-7483ace7f9b0,405,Germany,Female,52,5,81735.26,2,1,0,92188.46,0
52bd5406-0e6b-4ba6-8654-e952feac39a8,677,Germany,Female,19,8,76435.99,2,0,0,88585.35,0
23bb4c86-ed51-4613-9cfb-1b789ccd82e9,350,Germany,Male,57,4,100675.93,2,0,1,105206.68,1
e3a03568-19e5-47ec-b646-71ab1613fe67,328,France,Male,40,6,168126.82,2,1,0,50314.38,0
5afa48d7-8d8c-447d-83de-255095ca5cdd,761,France,Female,26,3,170547.92,4,1,1,132372.39,0
7adad3dc-6659-4540-8e34-61bc5fcb392a,595,Germany,Male,51,6,78809.86,3,0,0,60217.91,0
9416c34a-0243-4819-af94-1ee9ccce8e6a,596,France,Female,63,0,33302.48,3,1,0,110237.12,0
f2b69c76-64e8-4598-882d-11de42942d45,706,France,Male,31,6,158099.06,4,0,0,22096.2,0
2aa7bb30-64f1-4f9e-9081-ef943003f2d6,704,Germany,Male,21,7,32081.47,2,1,1,68445.43,0
3f5aaa2b-3345-442f-8b6b-a894afbfe8df,645,France,Male,47,4,144623.13,2,0,1,65722.28,0
1ba7d80f-5653-4d9d-99b2-9cf3a1d6aba9,719,Spain,Female,48,1,173355.53,3,1,1,90652.98,0
4ab2ed80-9a9f-4111-b2ef-5a51e952f0e1,481,Spain,Male,55,4,175152.87,4,0,1,29455.71,1
355296f8-102f-4b3d-b45c-608c14496d17,300,Spain,Female,28,5,188368.03,2,1,0,122717.08,0
a181b0e9-d027-4265-aaa9-c8a557be3064,670,Spain,Male,52,1,218214.86,2,0,0,48311.5,1
98c87994-5f97-4cc6-9a97-49ec20e260e2,730,Germany,Male,25,5,124989.75,2,0,0,108014.92,0
fed9e756-62cb-463d-8dcb-c19cd24a959d,608,Germany,Male,20,5,182562.3,1,1,0,124417.58,0
3a67add1-5a36-4c1c-a016-2105557d6f83,436,Germany,Male,31,0,154793.18,4,1,1,93044.0,1
722f25bd-7834-4264-a322-f62c9e4ab5f6,501,Spain,Male,77,0,46659.98,2,0,0,116314.82,0
bbbc3154-12ee-4f84-b800-159caae09141,735,Spain,Female,30,10,6422.41,1,0,0,106041.84,0
0ba5a380-ff96-4453-b829-557c40824941,612,France,Female,62,9,71135.35,4,0,0,66218.87,0
b723d29d-e6ef-4004-acb9-4f8370839737,416,France,Male,49,2,110758.43,2,0,1,125151.61,0
9f6caf0c-7736-4c3d-9fe0-05d6c382db44,543,Spain,Male,51,9,154276.49,3,1,1,58311.18,0
1e096be8-6aa3-47eb-8e5f-b3df52a8762a,836,Spain,Male,62,9,212489.83,1,0,1,94257.68,1
a1128406-1eee-45f3-ae87-ebf5a4ff121a,374,Spain,Male,78,2,49061.43,1,0,0,116901.71,0
082b12af-fe94-4b97-aeb7-6e882a29aa79,685,Spain,Female,36,3,31387.45,2,0,1,69264.27,0
c3d5ad3d-460c-409f-9860-7bf0bda0990a,509,France,Male,76,1,240869.99,2,1,0,59359.79,0
aab468e2-3b95-4e57-9443-bea53e73f78c,774,Spain,Female,55,8,27011.14,1,0,0,79714.98,0
5fc9e6cd-e1ac-458e-922a-013c7bd63ad1,717,France,Male,33,9,119622.77,3,1,0,126335.25,0
0a07c3d9-6707-4b63-ab8e-153e9a03644f,646,Spain,Female,19,10,146390.93,3,1,1,140889.83,0
9e01ffd5-fb55-43da-81ef-c6eb154af565,828,Spain,Male,57,6,135343.61,4,1,1,90860.84,0
2cd054b7-48de-4193-8485-bb5f065a706f,478,Spain,Male,34,6,21508.04,2,1,0,105990.61,0
4b623e5c-a22a-4c9b-b06a-6d35ceaec468,481,France,Female,72,5,14256.73,3,1,0,137425.57,1
9329b64d-f418-4030-a2b2-b938fc2d0e6b,324,France,Male,51,2,26370.86,4,1,1,32811.09,0
98da92c8-5cdd-4402-bf82-db2fcb10eb32,479,Germany,Male,59,5,146396.92,3,1,1,50170.22,0
cf7ce276-fd22-43c1-bfad-e14327261ba3,800,Spain,Male,77,7,136086.22,2,0,1,112157.0,0
ce1fd2f3-fd1a-445e-b3c2-1633e7d290f4,460,Germany,Female,33,7,58435.2,4,0,0,127086.78,0
38d63eb0-04d0-4357-8791-dfa2f48a2cbe,476,Germany,Male,55,10,159443.54,4,1,0,131413.77,0
2d586cdf-2d14-4ee7-b010-7bfc2b8ed12b,584,France,Male,77,8,205016.88,4,0,0,73963.93,1
accb163d-f008-4676-8ff1-662367402d22,362,France,Female,19,0,10394.74,3,0,1,31614.19,0
7d5d83c1-2624-4e68-ad4a-069f91cb51cb,455,Germany,Female,19,0,124532.49,2,1,1,76911.59,1
d0912b5f-345f-4234-8b79-e5c23f2aa3d4,768,Spain,Female,43,2,172327.6,4,0,1,49995.5,0
16d5a287-9b0a-40da-a7ea-5a00b5fdea84,348,France,Male,30,2,63077.98,1,1,0,57855.54,1
75987af6-9776-4831-a784-4cb5dd215e10,383,Spain,Male,73,9,76942.73,2,0,0,120394.78,0
4a3461db-78f7-4e2e-827a-e850c967a5ca,660,Spain,Male,64,7,153409.48,1,1,1,29818.52,1
cbf8a107-51d6-48c4-8ef9-a72c0b96b82f,447,Germany,Female,48,9,224483.82,1,1,0,127585.56,0
5daa38a4-1112-41fe-ac53-4142824a986a,641,Germany,Male,77,0,202481.11,4,0,1,75596.98,0
c46afc94-d8bf-4c69-8526-587c32963a5c,775,Germany,Male,51,1,145782.55,4,0,0,97488.31,1
a5cd9e17-13c8-4cf9-bfd7-a6894df26462,362,Germany,Female,56,1,182555.43,3,1,1,31654.79,0
82c67831-88ea-4575-9958-cb1586afbf99,659,France,Female,20,2,91205.62,3,1,0,63856.68,0
04266b9b-2838-4b47-8422-7a2a0d4e9344,626,France,Female,25,5,160241.38,3,1,0,31661.12,0
bd428b3a-9c51-44ed-b870-2e5c6776fbf5,440,Germany,Female,40,0,116545.4,2,0,1,145000.68,1
143c2008-159e-4ae9-870e-fe3d2689ce37,514,France,Female,31,1,47484.03,3,0,1,124944.01,0
2e83d67d-5f40-4124-8d43-44ebf93a2fd0,734,Germany,Male,73,0,175434.57,1,0,1,79752.26,0
4eadef0f-8042-4daa-9483-90b038fed526,617,Spain,Female,79,4,139116.16,3,0,1,49068.33,0
49dab89e-2a50-44a9-9a31-d26e28f9af0e,331,Spain,Male,72,6,89655.4,4,1,1,141349.16,0
f177206d-0b2f-413a-8837-c832a076f720,584,Spain,Male,44,7,227834.8,3,1,0,64797.56,1
47870cc5-4ab4-44f6-b0e8-78a5312ddfaf,604,Germany,Female,71,9,5233.53,2,1,1,40927.98,0
b516aeee-46e2-4e1e-9d33-60f92644b84a,728,Spain,Female,46,0,78943.29,2,1,1,93211.37,0
ae4164fb-26b6-4cdf-8adf-9b17c1f1389a,776,France,Female,56,6,14220.35,1,0,1,142690.64,1
8775e00e-d21d-47ed-84c0-f972de6a9a78,585,Spain,Male,70,4,191631.83,2,1,0,20497.94,0
71d4f1cf-3f45-4929-b813-34f0495fc3fe,443,Spain,Female,56,9,175526.86,3,1,1,50956.23,0
f7b34701-92b7-4bbe-82be-e3144ee98165,723,Spain,Female,18,0,82838.05,4,0,1,141998.19,0
c06d55bb-f90f-459a-86e3-db37105e8957,318,France,Female,34,2,168915.73,2,0,1,42241.18,0
827fb59a-8540-4fff-a49b-800cfbed99fb,317,Germany,Female,58,6,98984.31,1,1,0,34721.65,0
d8403bc3-2742-42ce-8558-227e165e1f59,670,France,Female,47,9,189063.45,3,0,0,94124.34,0
de3748cd-c2ea-45c3-a907-6b6a23e3e5ff,474,Germany,Male,70,0,113545.92,1,1,1,132039.7,0
c9df857d-7915-4ffd-8ec3-373bad43c3e6,493,Germany,Male,30,6,103069.93,2,0,0,82024.28,0
a211aad7-ae84-4119-8c6c-cf88a62d01c1,801,Spain,Male,38,4,233682.48,2,0,1,149293.35,0
05707c98-b925-4952-9810-59c639f7ed37,412,Germany,Female,36,0,62719.77,1,1,0,108292.32,0
f6195ed1-90f1-46e3-b8eb-e97ad63ab0a4,413,France,Female,70,0,30111.83,3,0,1,29629.74,0
c01125b6-7fde-4797-a117-ff9c8612fa84,521,France,Female,36,0,146135.78,2,1,0,149068.18,0
0b336d40-1ef3-4e17-86d0-de2fb65d4349,563,Germany,Male,74,10,242330.45,4,0,1,73026.25,0
3a317313-0cea-44c0-9e6e-a2583871a2a9,354,Spain,Female,42,8,94459.8,2,0,1,57362.33,0
47a3b320-3664-494e-9364-b1032b48cc22,757,Spain,Female,39,10,15509.19,3,0,0,92524.29,0
30008aed-234d-4556-9e49-ba6d096a0198,461,France,Female,48,2,84826.32,2,0,1,59559.99,0
bf25a99b-57b3-4372-ba95-e590f3629803,679,Spain,Male,34,4,126482.91,1,0,1,31239.48,0
1315edba-3404-49a8-8d45-db844c2bb2b7,386,Germany,Female,72,10,40480.75,2,1,1,20185.68,0
cc6fd945-f400-43c3-9fd2-51133e55c8f6,354,Germany,Male,40,9,164525.55,2,0,1,78445.84,0
f39b1640-38e0-4bcc-8646-cc96f75c3190,775,France,Female,49,8,249437.35,3,1,0,128792.24,0
deb05196-8c7b-4f2e-8824-5993719524c8,477,Germany,Male,79,5,112934.87,1,0,1,94400.97,1
cb912d52-a916-4669-98b6-4e77b8989138,690,France,Male,27,8,88682.14,3,1,0,149896.95,1
6a248ed4-7fac-487a-8ab3-e5393a8aaddd,648,Germany,Male,27,7,100176.04,2,0,0,57290.06,0
43f97517-7a3d-4ab9-ae04-3124ddf6ead6,307,France,Female,53,7,28786.54,4,1,0,56459.16,0
339e3572-30c2-4881-9621-4f37f1d3c5df,612,Spain,Female,25,0,220818.4,2,1,0,40767.43,0
3193e073-056e-41bf-b007-73beecb3a630,742,Germany,Male,71,8,103706.41,3,0,1,41328.27,0
8fa39257-0650-4d87-a9d4-b419041ebd0e,627,Germany,Male,69,5,96818.6,4,0,1,57074.26,0
67ae4ee3-857e-43d3-b086-92c046a05d93,353,France,Female,37,8,164922.57,3,0,0,123069.21,0
218a5670-38fd-4415-b9e4-6e1abc73029c,538,France,Female,49,2,110508.36,3,1,1,137748.38,0
2ae885e6-a4dc-43c4-8ec9-00a4bef7142a,528,Germany,Male,67,2,162058.37,1,1,0,146761.33,0
013f5d20-93b2-4aa9-933f-346da8681b86,350,France,Female,31,5,15361.57,4,0,1,50197.66,0
30ef8e83-55d5-494c-a534-db0a2b89352f,563,Germany,Female,67,8,203430.84,2,0,1,134568.68,0
1104936f-f005-4f3e-811b-a4cd50e3c126,717,Spain,Female,45,6,235125.99,3,1,1,62673.16,0
2a904809-4cda-47a0-a085-1129aae50518,395,France,Female,63,2,162191.35,2,1,0,34669.27,0
4415e053-12d9-4ce0-8dbd-b7bc211562f1,387,Germany,Male,69,2,238641.48,1,0,0,133103.24,0
109c52b9-f58f-4bec-842f-40fb73c4662e,377,Spain,Female,70,1,37858.08,1,1,1,102693.73,0
e7c58f44-0439-4ec9-8a5d-696a095b04f9,587,Spain,Female,41,8,119354.05,4,0,0,41415.02,0
05eb48bf-1eae-488e-b5ee-1c46fa771b74,419,Germany,Male,32,2,150451.68,1,0,0,75878.06,0
46295bdd-3015-46b5-bc95-48cef52406b5,790,France,Male,39,10,145434.16,1,0,1,57343.5,0
bccd70de-0223-4baa-b73a-7616678e02a0,751,Germany,Female,47,4,100365.44,2,1,0,115783.29,0
ce6840fb-88ef-4f3c-a46d-7d23b5621591,799,Spain,Female,21,8,84521.1,1,1,1,78944.11,1
e080394e-522b-4635-aa2c-5dd7029d4c81,464,Germany,Female,30,7,31706.01,1,1,1,148606.39,1
8d78ef90-13a2-468c-938d-057741819ad6,481,France,Female,76,1,97935.61,3,1,1,27116.85,0
81d04511-0d9a-4c9c-a8a4-27aeee89becf,768,Spain,Male,40,2,40665.2,1,0,0,66151.98,0
ad925a6d-59ba-445f-94b3-a54489fc91c9,306,Germany,Male,25,1,183591.42,3,1,1,82647.02,0
1aab7dbd-28cf-4c27-849e-c1181752f53c,629,France,Male,35,7,52207.73,1,0,1,85407.36,1
00e5a500-22f2-46cc-97e6-89fb2011ce41,450,Spain,Female,29,5,14641.33,1,0,0,61071.66,0
abf25363-bb12-487a-904c-80187b67848d,384,France,Female,72,5,138091.53,4,0,0,114801.23,1
af6de451-65ec-4ea7-b9e5-bcbbdfeb42a5,446,Spain,Female,48,8,148807.43,4,1,0,133717.12,0
b1909298-5498-40bf-8f21-5ad7c00fc8df,680,Germany,Female,31,7,217978.27,3,0,0,142033.51,0
1613cced-0c0d-46d9-a9ac-d2d5781441b5,847,France,Male,51,3,144245.4,1,0,1,124662.14,1
7d1f2f2a-94d4-4184-98bd-f44e4417f1df,584,Spain,Male,35,3,86370.21,2,1,0,130575.43,0
167b7c21-9743-44fa-85d9-07d636b5beda,381,France,Female,73,8,200752.97,4,0,0,91570.89,0
bc97d6b0-dca4-4223-8513-9aa0690ab9b1,813,France,Male,51,0,135069.72,2,1,0,127365.47,0
b72a63e3-d13a-432a-b288-f4aea234de0f,822,Germany,Female,28,1,19820.07,4,1,0,59455.51,0
038dbed6-89ea-4d1c-98f3-78eb31de1864,685,France,Female,58,1,141462.64,4,1,1,71802.24,0
068b245f-5e3c-470e-8bb9-112d82c335e0,770,Spain,Male,29,5,227004.64,1,0,0,61198.69,0
8c50a09c-68eb-4335-a061-14839fc0d9cc,418,Spain,Female,66,3,99078.16,4,1,1,80760.35,0
8b7eeeb5-958e-4b1f-91c3-c6b150180b31,695,Spain,Female,32,10,74081.45,2,1,0,57125.35,0
59de026c-b4e1-4d13-a5d6-c1812eb7141d,831,Spain,Male,74,9,35867.36,4,1,1,145009.49,1
c77ace83-ce25-4c1e-b4e2-19ae4f8ac385,560,Germany,Female,48,2,37861.38,3,1,1,60669.8,0
cd5300db-e171-4019-b983-3e7751ac5b66,555,France,Female,66,2,108192.87,1,0,0,32745.79,0
ef763350-227e-4d4e-b1ba-9822832ec8c4,525,Germany,Male,75,2,148919.96,1,1,1,88486.23,0
3713cab5-2cba-4631-aa96-8a5d7159bc6c,352,France,Female,46,5,20153.85,3,0,0,27422.88,0
f1ad8e27-cd23-4962-9f4b-747e55926bc8,799,France,Male,43,7,234892.15,3,1,1,34370.61,0
ed88ee30-7be3-41e0-aff2-f1ef88684fb9,805,France,Female,35,10,188783.4,3,0,1,48520.62,1
2dfb94c9-d58a-4771-a557-e873a60073dd,663,Germany,Male,49,6,146655.98,4,1,1,80365.53,0
38721470-1ea0-44c0-b7cb-dc17c871e5ce,579,France,Male,39,3,207109.67,1,0,0,76322.62,0
83467c56-f3e0-4d94-a392-068852e48229,457,Germany,Male,55,10,20046.69,3,1,1,123959.94,0
eed647bc-3d9a-4114-839b-ca9d6cbc09e0,358,Spain,Female,34,3,119209.72,4,0,0,116131.71,0
03723686-acb5-4540-9772-c62145653b6b,427,Spain,Male,40,10,157523.28,3,0,1,75421.38,1
e4134e45-5d81-4ea9-b420-d8e9e037a337,414,France,Male,41,9,207163.23,2,0,1,63381.55,0
a2098ce9-2f8c-4474-9ffb-8cfe80ea23ab,508,Germany,Male,67,10,195867.39,2,1,1,61140.94,0
53af7d5c-b82d-47e6-ba85-3ef23b474b0e,825,Spain,Male,25,10,69267.31,1,0,1,120619.36,0
ca5f62be-1450-4879-ad98-6f2f6b889aef,820,Germany,Male,58,10,235220.04,4,0,1,26769.41,0
75b6c7fd-20c7-410b-b5e7-f1676eb41eb8,536,Germany,Female,23,1,31086.46,2,0,1,21666.81,0
9932e506-22f4-4bde-9f55-3756d095422f,580,France,Female,22,0,218783.4,2,0,0,123420.77,0
530db788-8868-4022-b3c6-c0ff67a07265,658,Spain,Female,61,8,242735.06,4,1,0,82029.03,0
c1064e2a-fb1c-4349-8108-2a86d3a85d71,500,France,Female,74,1,44288.38,3,0,0,37014.55,0
c2e34bbc-3716-498d-b37d-73cd90fc3cfa,577,France,Female,46,7,180516.52,4,0,1,50623.57,0
c0ea5cb9-28d6-4a47-aa13-9814a3b9be02,534,Spain,Female,45,8,10071.38,3,0,0,141225.51,1
a92ef851-18be-4485-91e8-50ed21074e9c,793,Spain,Female,28,3,101355.71,2,1,1,131735.39,1
0fe00fd3-548d-41e0-8d5c-318bda963ea1,303,Germany,Male,74,7,129070.82,2,0,0,112272.06,0
5af3017c-f68b-4938-a710-be1efa23e4cd,741,Spain,Female,18,8,145161.31,2,0,0,82689.28,0
593c69cd-213f-4b65-bb63-eb18e4e21557,328,Germany,Male,60,9,233984.31,1,0,1,87642.07,0
6c31be52-d978-46ef-8094-611ff3c0e4ca,408,Germany,Male,36,9,168062.67,1,0,1,146781.79,0
b9dea2b3-b3da-4ce4-9e57-eb935ffcc0d6,374,Germany,Female,26,4,120319.49,1,1,0,145550.16,0
cec7f89e-57c6-4da3-8fc8-123779883989,445,Spain,Male,44,6,202418.76,4,0,0,47984.98,0
575cabd7-66eb-4a87-80b5-05365ee552e4,427,France,Male,51,9,237633.21,2,0,0,125443.59,1
0a1a6ab0-c245-44c0-a6b2-fbd1322a46ec,341,Germany,Male,61,3,5516.54,2,1,0,45641.55,1
be17c65a-e6aa-4cd9-a01f-84d0b8f8675f,655,France,Male,21,0,245630.32,4,1,1,47759.87,0
eafe9b4a-68b6-4c1f-a428-61cb4b244cd5,340,France,Female,53,2,21533.03,1,1,0,107892.09,0
91548b10-4a67-4a28-b0d5-facae93bbaa6,333,Spain,Female,35,4,203596.69,4,0,1,72650.14,0
9f3ab38f-c641-47c6-a871-1377d44ee6fc,316,France,Female,32,2,70083.69,1,1,1,141100.77,0
2cf19bc9-9acb-4c24-bdfc-c8d4dcb33aa9,452,France,Female,68,10,33044.91,2,0,0,31571.27,0
df5d6ba7-6928-4bfd-a6ce-c26d59a40eae,677,Spain,Female,30,6,109963.91,3,1,1,86498.33,0
8f162741-da27-44b9-aefa-2ef3e03a739a,641,Germany,Female,36,8,160989.14,1,0,0,139407.8,1
c00c8aad-d712-4170-a84d-67eb595cb19b,326,France,Female,66,5,95237.96,2,1,1,137534.78,0
